

================================================================
== Vitis HLS Report for 'pack_int4_transpose_Pipeline_read_loop'
================================================================
* Date:           Sun Jan 25 13:09:50 2026

* Version:        2024.1 (Build 5069499 on May 21 2024)
* Project:        pack_int4_transpose_prj
* Solution:       sol1 (Vivado IP Flow Target)
* Product family: virtexuplus
* Target device:  xcvu9p-flga2104-2-i


================================================================
== Performance Estimates
================================================================
+ Timing: 
    * Summary: 
    +--------+---------+----------+------------+
    |  Clock |  Target | Estimated| Uncertainty|
    +--------+---------+----------+------------+
    |ap_clk  |  3.33 ns|  2.364 ns|     0.90 ns|
    +--------+---------+----------+------------+

+ Latency: 
    * Summary: 
    +---------+---------+----------+----------+-----+-----+-----------------------------------------------+
    |  Latency (cycles) |  Latency (absolute) |  Interval |                    Pipeline                   |
    |   min   |   max   |    min   |    max   | min | max |                      Type                     |
    +---------+---------+----------+----------+-----+-----+-----------------------------------------------+
    |       35|       35|  0.117 us|  0.117 us|   33|   33|  loop auto-rewind stp(delay=0 clock cycles(s))|
    +---------+---------+----------+----------+-----+-----+-----------------------------------------------+

    + Detail: 
        * Instance: 
        N/A

        * Loop: 
        +-------------+---------+---------+----------+-----------+-----------+------+----------+
        |             |  Latency (cycles) | Iteration|  Initiation Interval  | Trip |          |
        |  Loop Name  |   min   |   max   |  Latency |  achieved |   target  | Count| Pipelined|
        +-------------+---------+---------+----------+-----------+-----------+------+----------+
        |- read_loop  |       33|       33|         3|          1|          1|    32|       yes|
        +-------------+---------+---------+----------+-----------+-----------+------+----------+

============================================================
+ Verbose Summary: Synthesis Manager
============================================================
InlineROM: 1
ExposeGlobal: 0
============================================================
+ Verbose Summary: CDFG Model
============================================================
IsTopModel: 0
ResetActiveHigh: 1
IsCombinational: 0
IsDatapathOnly: 0
HasWiredReturn: 1
HasMFsm: 2
HasVarLatency: 1
IsPipeline: 0
IsRtlPipelined: 0
IsInstanceOverlapped: 0
IsDontTouch: 0
HasImplIP: 0
IsGatedGlobalClock: 0

+ Individual pipeline summary: 
  * Pipeline-0: initiation interval (II) = 1, depth = 3


============================================================
+ Verbose Summary: Schedule
============================================================
* Number of FSM states : 3
* Pipeline : 1
  Pipeline-0 : II = 1, D = 3, States = { 1 2 3 }
* Dataflow Pipeline: 0

* FSM state transitions: 
1 --> 2 
2 --> 3 
3 --> 

* FSM state operations: 

State 1 <SV = 0> <Delay = 2.17>
ST_1 : Operation 6 [1/1] (0.00ns)   --->   "%j = alloca i32 1" [kernel.cpp:32]   --->   Operation 6 'alloca' 'j' <Predicate = true> <Delay = 0.00>
ST_1 : Operation 7 [1/1] (0.00ns)   --->   "%buffer = alloca i32 1" [kernel.cpp:28]   --->   Operation 7 'alloca' 'buffer' <Predicate = true> <Delay = 0.00>
ST_1 : Operation 8 [1/1] (0.00ns)   --->   "%buffer_1 = alloca i32 1" [kernel.cpp:28]   --->   Operation 8 'alloca' 'buffer_1' <Predicate = true> <Delay = 0.00>
ST_1 : Operation 9 [1/1] (0.00ns)   --->   "%buffer_2 = alloca i32 1" [kernel.cpp:28]   --->   Operation 9 'alloca' 'buffer_2' <Predicate = true> <Delay = 0.00>
ST_1 : Operation 10 [1/1] (0.00ns)   --->   "%buffer_3 = alloca i32 1" [kernel.cpp:28]   --->   Operation 10 'alloca' 'buffer_3' <Predicate = true> <Delay = 0.00>
ST_1 : Operation 11 [1/1] (0.00ns)   --->   "%buffer_4 = alloca i32 1" [kernel.cpp:28]   --->   Operation 11 'alloca' 'buffer_4' <Predicate = true> <Delay = 0.00>
ST_1 : Operation 12 [1/1] (0.00ns)   --->   "%buffer_5 = alloca i32 1" [kernel.cpp:28]   --->   Operation 12 'alloca' 'buffer_5' <Predicate = true> <Delay = 0.00>
ST_1 : Operation 13 [1/1] (0.00ns)   --->   "%buffer_6 = alloca i32 1" [kernel.cpp:28]   --->   Operation 13 'alloca' 'buffer_6' <Predicate = true> <Delay = 0.00>
ST_1 : Operation 14 [1/1] (0.00ns)   --->   "%buffer_7 = alloca i32 1" [kernel.cpp:28]   --->   Operation 14 'alloca' 'buffer_7' <Predicate = true> <Delay = 0.00>
ST_1 : Operation 15 [1/1] (0.00ns)   --->   "%buffer_8 = alloca i32 1" [kernel.cpp:28]   --->   Operation 15 'alloca' 'buffer_8' <Predicate = true> <Delay = 0.00>
ST_1 : Operation 16 [1/1] (0.00ns)   --->   "%buffer_9 = alloca i32 1" [kernel.cpp:28]   --->   Operation 16 'alloca' 'buffer_9' <Predicate = true> <Delay = 0.00>
ST_1 : Operation 17 [1/1] (0.00ns)   --->   "%buffer_10 = alloca i32 1" [kernel.cpp:28]   --->   Operation 17 'alloca' 'buffer_10' <Predicate = true> <Delay = 0.00>
ST_1 : Operation 18 [1/1] (0.00ns)   --->   "%buffer_11 = alloca i32 1" [kernel.cpp:28]   --->   Operation 18 'alloca' 'buffer_11' <Predicate = true> <Delay = 0.00>
ST_1 : Operation 19 [1/1] (0.00ns)   --->   "%buffer_12 = alloca i32 1" [kernel.cpp:28]   --->   Operation 19 'alloca' 'buffer_12' <Predicate = true> <Delay = 0.00>
ST_1 : Operation 20 [1/1] (0.00ns)   --->   "%buffer_13 = alloca i32 1" [kernel.cpp:28]   --->   Operation 20 'alloca' 'buffer_13' <Predicate = true> <Delay = 0.00>
ST_1 : Operation 21 [1/1] (0.00ns)   --->   "%buffer_14 = alloca i32 1" [kernel.cpp:28]   --->   Operation 21 'alloca' 'buffer_14' <Predicate = true> <Delay = 0.00>
ST_1 : Operation 22 [1/1] (0.00ns)   --->   "%buffer_15 = alloca i32 1" [kernel.cpp:28]   --->   Operation 22 'alloca' 'buffer_15' <Predicate = true> <Delay = 0.00>
ST_1 : Operation 23 [1/1] (0.00ns)   --->   "%buffer_16 = alloca i32 1" [kernel.cpp:28]   --->   Operation 23 'alloca' 'buffer_16' <Predicate = true> <Delay = 0.00>
ST_1 : Operation 24 [1/1] (0.00ns)   --->   "%buffer_17 = alloca i32 1" [kernel.cpp:28]   --->   Operation 24 'alloca' 'buffer_17' <Predicate = true> <Delay = 0.00>
ST_1 : Operation 25 [1/1] (0.00ns)   --->   "%buffer_18 = alloca i32 1" [kernel.cpp:28]   --->   Operation 25 'alloca' 'buffer_18' <Predicate = true> <Delay = 0.00>
ST_1 : Operation 26 [1/1] (0.00ns)   --->   "%buffer_19 = alloca i32 1" [kernel.cpp:28]   --->   Operation 26 'alloca' 'buffer_19' <Predicate = true> <Delay = 0.00>
ST_1 : Operation 27 [1/1] (0.00ns)   --->   "%buffer_20 = alloca i32 1" [kernel.cpp:28]   --->   Operation 27 'alloca' 'buffer_20' <Predicate = true> <Delay = 0.00>
ST_1 : Operation 28 [1/1] (0.00ns)   --->   "%buffer_21 = alloca i32 1" [kernel.cpp:28]   --->   Operation 28 'alloca' 'buffer_21' <Predicate = true> <Delay = 0.00>
ST_1 : Operation 29 [1/1] (0.00ns)   --->   "%buffer_22 = alloca i32 1" [kernel.cpp:28]   --->   Operation 29 'alloca' 'buffer_22' <Predicate = true> <Delay = 0.00>
ST_1 : Operation 30 [1/1] (0.00ns)   --->   "%buffer_23 = alloca i32 1" [kernel.cpp:28]   --->   Operation 30 'alloca' 'buffer_23' <Predicate = true> <Delay = 0.00>
ST_1 : Operation 31 [1/1] (0.00ns)   --->   "%buffer_24 = alloca i32 1" [kernel.cpp:28]   --->   Operation 31 'alloca' 'buffer_24' <Predicate = true> <Delay = 0.00>
ST_1 : Operation 32 [1/1] (0.00ns)   --->   "%buffer_25 = alloca i32 1" [kernel.cpp:28]   --->   Operation 32 'alloca' 'buffer_25' <Predicate = true> <Delay = 0.00>
ST_1 : Operation 33 [1/1] (0.00ns)   --->   "%buffer_26 = alloca i32 1" [kernel.cpp:28]   --->   Operation 33 'alloca' 'buffer_26' <Predicate = true> <Delay = 0.00>
ST_1 : Operation 34 [1/1] (0.00ns)   --->   "%buffer_27 = alloca i32 1" [kernel.cpp:28]   --->   Operation 34 'alloca' 'buffer_27' <Predicate = true> <Delay = 0.00>
ST_1 : Operation 35 [1/1] (0.00ns)   --->   "%buffer_28 = alloca i32 1" [kernel.cpp:28]   --->   Operation 35 'alloca' 'buffer_28' <Predicate = true> <Delay = 0.00>
ST_1 : Operation 36 [1/1] (0.00ns)   --->   "%buffer_29 = alloca i32 1" [kernel.cpp:28]   --->   Operation 36 'alloca' 'buffer_29' <Predicate = true> <Delay = 0.00>
ST_1 : Operation 37 [1/1] (0.00ns)   --->   "%buffer_30 = alloca i32 1" [kernel.cpp:28]   --->   Operation 37 'alloca' 'buffer_30' <Predicate = true> <Delay = 0.00>
ST_1 : Operation 38 [1/1] (0.00ns)   --->   "%buffer_31 = alloca i32 1" [kernel.cpp:28]   --->   Operation 38 'alloca' 'buffer_31' <Predicate = true> <Delay = 0.00>
ST_1 : Operation 39 [1/1] (0.00ns)   --->   "%specaxissidechannel_ln0 = specaxissidechannel void @_ssdm_op_SpecAXISSideChannel, i32 %in_stream_V_data_V, i4 %in_stream_V_keep_V, i4 %in_stream_V_strb_V, i1 0, i1 %in_stream_V_last_V, i1 0, i1 0, void @empty_7"   --->   Operation 39 'specaxissidechannel' 'specaxissidechannel_ln0' <Predicate = true> <Delay = 0.00>
ST_1 : Operation 40 [1/1] (0.00ns)   --->   "%specinterface_ln0 = specinterface void @_ssdm_op_SpecInterface, i1 %in_stream_V_last_V, i4 %in_stream_V_strb_V, i4 %in_stream_V_keep_V, i32 %in_stream_V_data_V, void @empty, i32 0, i32 0, void @empty_0, i32 0, i32 0, void @empty_1, void @empty_1, void @empty_1, i32 0, i32 0, i32 0, i32 0, void @empty_1, void @empty_1, i32 4294967295, i32 0, i32 0"   --->   Operation 40 'specinterface' 'specinterface_ln0' <Predicate = true> <Delay = 0.00>
ST_1 : Operation 41 [1/1] (0.38ns)   --->   "%store_ln32 = store i6 0, i6 %j" [kernel.cpp:32]   --->   Operation 41 'store' 'store_ln32' <Predicate = true> <Delay = 0.38>
ST_1 : Operation 42 [1/1] (0.00ns)   --->   "%br_ln32 = br void %for.body4" [kernel.cpp:32]   --->   Operation 42 'br' 'br_ln32' <Predicate = true> <Delay = 0.00>
ST_1 : Operation 43 [1/1] (0.00ns)   --->   "%j_1 = load i6 %j" [kernel.cpp:32]   --->   Operation 43 'load' 'j_1' <Predicate = true> <Delay = 0.00>
ST_1 : Operation 44 [1/1] (0.70ns)   --->   "%icmp_ln32 = icmp_eq  i6 %j_1, i6 32" [kernel.cpp:32]   --->   Operation 44 'icmp' 'icmp_ln32' <Predicate = true> <Delay = 0.70> <CoreInst = "Cmp">   --->   Core 9 'Cmp' <Latency = 0> <II = 1> <Delay = 0.70> <FuncUnit> <Opcode : 'seteq' 'setne' 'setle' 'setge' 'setlt' 'setgt'> <InPorts = 2> <OutPorts = 1>
ST_1 : Operation 45 [1/1] (0.70ns)   --->   "%add_ln32 = add i6 %j_1, i6 1" [kernel.cpp:32]   --->   Operation 45 'add' 'add_ln32' <Predicate = true> <Delay = 0.70> <CoreInst = "Adder">   --->   Core 1 'Adder' <Latency = 0> <II = 1> <Delay = 0.70> <FuncUnit> <Opcode : 'add' 'sub'> <InPorts = 2> <OutPorts = 1>
ST_1 : Operation 46 [1/1] (0.00ns)   --->   "%br_ln32 = br i1 %icmp_ln32, void %for.body4.split, void %for.inc22.exitStub" [kernel.cpp:32]   --->   Operation 46 'br' 'br_ln32' <Predicate = true> <Delay = 0.00>
ST_1 : Operation 47 [1/1] (0.00ns)   --->   "%trunc_ln32 = trunc i6 %j_1" [kernel.cpp:32]   --->   Operation 47 'trunc' 'trunc_ln32' <Predicate = (!icmp_ln32)> <Delay = 0.00>
ST_1 : Operation 48 [1/1] (0.07ns)   --->   "%empty = read i41 @_ssdm_op_Read.axis.volatile.i32P0A.i4P0A.i4P0A.i1P0A, i32 %in_stream_V_data_V, i4 %in_stream_V_keep_V, i4 %in_stream_V_strb_V, i1 %in_stream_V_last_V" [kernel.cpp:34]   --->   Operation 48 'read' 'empty' <Predicate = (!icmp_ln32)> <Delay = 0.07> <CoreInst = "regslice">   --->   Core 148 'regslice' <Latency = 0> <II = 1> <Delay = 0.65> <Adapter> <Opcode : 'read' 'write'>
ST_1 : Operation 49 [1/1] (0.00ns)   --->   "%f_p_data = extractvalue i41 %empty" [kernel.cpp:34]   --->   Operation 49 'extractvalue' 'f_p_data' <Predicate = (!icmp_ln32)> <Delay = 0.00>
ST_1 : Operation 50 [1/1] (0.00ns)   --->   "%xs_sign = bitselect i1 @_ssdm_op_BitSelect.i1.i32.i32, i32 %f_p_data, i32 31" [C:\scratch\2024.1\hls_product\545\2024.1\src\shared\hls\clib/src/hls\utils/x_hls_utils.h:294->C:\scratch\2024.1\hls_product\545\2024.1\src\shared\hls\clib/hlsmath/include/FloatingPoint\hls_case_IEEE754.h:13->C:\scratch\2024.1\hls_product\545\2024.1\src\shared\hls\clib/hlsmath/include/FloatingPoint\hls_case_IEEE754.h:117->C:\scratch\2024.1\hls_product\545\2024.1\src\shared\hls\clib\hlsmath\src\lib_floatconversion.cpp:49->kernel.cpp:40]   --->   Operation 50 'bitselect' 'xs_sign' <Predicate = (!icmp_ln32)> <Delay = 0.00>
ST_1 : Operation 51 [1/1] (0.00ns)   --->   "%xs_exp = partselect i8 @_ssdm_op_PartSelect.i8.i32.i32.i32, i32 %f_p_data, i32 23, i32 30" [C:\scratch\2024.1\hls_product\545\2024.1\src\shared\hls\clib/src/hls\utils/x_hls_utils.h:295->C:\scratch\2024.1\hls_product\545\2024.1\src\shared\hls\clib/hlsmath/include/FloatingPoint\hls_case_IEEE754.h:13->C:\scratch\2024.1\hls_product\545\2024.1\src\shared\hls\clib/hlsmath/include/FloatingPoint\hls_case_IEEE754.h:117->C:\scratch\2024.1\hls_product\545\2024.1\src\shared\hls\clib\hlsmath\src\lib_floatconversion.cpp:49->kernel.cpp:40]   --->   Operation 51 'partselect' 'xs_exp' <Predicate = (!icmp_ln32)> <Delay = 0.00>
ST_1 : Operation 52 [1/1] (0.00ns)   --->   "%trunc_ln342 = trunc i32 %f_p_data" [C:\scratch\2024.1\hls_product\545\2024.1\src\shared\hls\clib/src/hls\utils/x_hls_utils.h:342->C:\scratch\2024.1\hls_product\545\2024.1\src\shared\hls\clib/hlsmath/include/FloatingPoint\hls_case_IEEE754.h:15->C:\scratch\2024.1\hls_product\545\2024.1\src\shared\hls\clib/hlsmath/include/FloatingPoint\hls_case_IEEE754.h:117->C:\scratch\2024.1\hls_product\545\2024.1\src\shared\hls\clib\hlsmath\src\lib_floatconversion.cpp:49->kernel.cpp:40]   --->   Operation 52 'trunc' 'trunc_ln342' <Predicate = (!icmp_ln32)> <Delay = 0.00>
ST_1 : Operation 53 [1/1] (0.00ns)   --->   "%zext_ln317 = zext i8 %xs_exp" [C:\scratch\2024.1\hls_product\545\2024.1\src\shared\hls\clib/src/hls\utils/x_hls_utils.h:317->C:\scratch\2024.1\hls_product\545\2024.1\src\shared\hls\clib/hlsmath/include/FloatingPoint\hls_case_IEEE754.h:18->C:\scratch\2024.1\hls_product\545\2024.1\src\shared\hls\clib/hlsmath/include/FloatingPoint\hls_case_IEEE754.h:117->C:\scratch\2024.1\hls_product\545\2024.1\src\shared\hls\clib\hlsmath\src\lib_floatconversion.cpp:49->kernel.cpp:40]   --->   Operation 53 'zext' 'zext_ln317' <Predicate = (!icmp_ln32)> <Delay = 0.00>
ST_1 : Operation 54 [1/1] (0.70ns)   --->   "%add_ln317 = add i9 %zext_ln317, i9 385" [C:\scratch\2024.1\hls_product\545\2024.1\src\shared\hls\clib/src/hls\utils/x_hls_utils.h:317->C:\scratch\2024.1\hls_product\545\2024.1\src\shared\hls\clib/hlsmath/include/FloatingPoint\hls_case_IEEE754.h:18->C:\scratch\2024.1\hls_product\545\2024.1\src\shared\hls\clib/hlsmath/include/FloatingPoint\hls_case_IEEE754.h:117->C:\scratch\2024.1\hls_product\545\2024.1\src\shared\hls\clib\hlsmath\src\lib_floatconversion.cpp:49->kernel.cpp:40]   --->   Operation 54 'add' 'add_ln317' <Predicate = (!icmp_ln32)> <Delay = 0.70> <CoreInst = "Adder">   --->   Core 1 'Adder' <Latency = 0> <II = 1> <Delay = 0.70> <FuncUnit> <Opcode : 'add' 'sub'> <InPorts = 2> <OutPorts = 1>
ST_1 : Operation 55 [1/1] (0.00ns)   --->   "%tmp = bitselect i1 @_ssdm_op_BitSelect.i1.i9.i32, i9 %add_ln317, i32 8" [C:\scratch\2024.1\hls_product\545\2024.1\src\shared\hls\clib/hlsmath/include/FloatingPoint\hls_case_IEEE754.h:18->C:\scratch\2024.1\hls_product\545\2024.1\src\shared\hls\clib/hlsmath/include/FloatingPoint\hls_case_IEEE754.h:117->C:\scratch\2024.1\hls_product\545\2024.1\src\shared\hls\clib\hlsmath\src\lib_floatconversion.cpp:49->kernel.cpp:40]   --->   Operation 55 'bitselect' 'tmp' <Predicate = (!icmp_ln32)> <Delay = 0.00>
ST_1 : Operation 56 [1/1] (0.70ns)   --->   "%sub_ln18 = sub i8 127, i8 %xs_exp" [C:\scratch\2024.1\hls_product\545\2024.1\src\shared\hls\clib/hlsmath/include/FloatingPoint\hls_case_IEEE754.h:18->C:\scratch\2024.1\hls_product\545\2024.1\src\shared\hls\clib/hlsmath/include/FloatingPoint\hls_case_IEEE754.h:117->C:\scratch\2024.1\hls_product\545\2024.1\src\shared\hls\clib\hlsmath\src\lib_floatconversion.cpp:49->kernel.cpp:40]   --->   Operation 56 'sub' 'sub_ln18' <Predicate = (!icmp_ln32)> <Delay = 0.70> <CoreInst = "Adder">   --->   Core 1 'Adder' <Latency = 0> <II = 1> <Delay = 0.70> <FuncUnit> <Opcode : 'add' 'sub'> <InPorts = 2> <OutPorts = 1>
ST_1 : Operation 57 [1/1] (0.00ns)   --->   "%sext_ln18 = sext i8 %sub_ln18" [C:\scratch\2024.1\hls_product\545\2024.1\src\shared\hls\clib/hlsmath/include/FloatingPoint\hls_case_IEEE754.h:18->C:\scratch\2024.1\hls_product\545\2024.1\src\shared\hls\clib/hlsmath/include/FloatingPoint\hls_case_IEEE754.h:117->C:\scratch\2024.1\hls_product\545\2024.1\src\shared\hls\clib\hlsmath\src\lib_floatconversion.cpp:49->kernel.cpp:40]   --->   Operation 57 'sext' 'sext_ln18' <Predicate = (!icmp_ln32)> <Delay = 0.00>
ST_1 : Operation 58 [1/1] (0.30ns)   --->   "%select_ln18 = select i1 %tmp, i9 %sext_ln18, i9 %add_ln317" [C:\scratch\2024.1\hls_product\545\2024.1\src\shared\hls\clib/hlsmath/include/FloatingPoint\hls_case_IEEE754.h:18->C:\scratch\2024.1\hls_product\545\2024.1\src\shared\hls\clib/hlsmath/include/FloatingPoint\hls_case_IEEE754.h:117->C:\scratch\2024.1\hls_product\545\2024.1\src\shared\hls\clib\hlsmath\src\lib_floatconversion.cpp:49->kernel.cpp:40]   --->   Operation 58 'select' 'select_ln18' <Predicate = (!icmp_ln32)> <Delay = 0.30> <CoreInst = "Sel">   --->   Core 73 'Sel' <Latency = 0> <II = 1> <Delay = 0.30> <FuncUnit> <Opcode : 'select'> <InPorts = 3> <OutPorts = 1>
ST_1 : Operation 59 [1/1] (0.67ns)   --->   "%switch_ln44 = switch i5 %trunc_ln32, void %arrayidx.case.31, i5 0, void %for.body4.split.arrayidx.exit_crit_edge7, i5 1, void %arrayidx.case.1, i5 2, void %arrayidx.case.2, i5 3, void %arrayidx.case.3, i5 4, void %arrayidx.case.4, i5 5, void %arrayidx.case.5, i5 6, void %arrayidx.case.6, i5 7, void %arrayidx.case.7, i5 8, void %arrayidx.case.8, i5 9, void %arrayidx.case.9, i5 10, void %arrayidx.case.10, i5 11, void %arrayidx.case.11, i5 12, void %arrayidx.case.12, i5 13, void %arrayidx.case.13, i5 14, void %arrayidx.case.14, i5 15, void %arrayidx.case.15, i5 16, void %arrayidx.case.16, i5 17, void %arrayidx.case.17, i5 18, void %arrayidx.case.18, i5 19, void %arrayidx.case.19, i5 20, void %arrayidx.case.20, i5 21, void %arrayidx.case.21, i5 22, void %arrayidx.case.22, i5 23, void %arrayidx.case.23, i5 24, void %arrayidx.case.24, i5 25, void %arrayidx.case.25, i5 26, void %arrayidx.case.26, i5 27, void %arrayidx.case.27, i5 28, void %arrayidx.case.28, i5 29, void %arrayidx.case.29, i5 30, void %for.body4.split.arrayidx.exit_crit_edge" [kernel.cpp:44]   --->   Operation 59 'switch' 'switch_ln44' <Predicate = (!icmp_ln32)> <Delay = 0.67>
ST_1 : Operation 60 [1/1] (0.38ns)   --->   "%store_ln32 = store i6 %add_ln32, i6 %j" [kernel.cpp:32]   --->   Operation 60 'store' 'store_ln32' <Predicate = (!icmp_ln32)> <Delay = 0.38>
ST_1 : Operation 61 [1/1] (0.00ns)   --->   "%br_ln32 = br void %for.body4" [kernel.cpp:32]   --->   Operation 61 'br' 'br_ln32' <Predicate = (!icmp_ln32)> <Delay = 0.00>

State 2 <SV = 1> <Delay = 2.36>
ST_2 : Operation 62 [1/1] (0.00ns)   --->   "%mantissa = bitconcatenate i25 @_ssdm_op_BitConcatenate.i25.i1.i23.i1, i1 1, i23 %trunc_ln342, i1 0" [C:\scratch\2024.1\hls_product\545\2024.1\src\shared\hls\clib/hlsmath/include/FloatingPoint\hls_case_IEEE754.h:15->C:\scratch\2024.1\hls_product\545\2024.1\src\shared\hls\clib/hlsmath/include/FloatingPoint\hls_case_IEEE754.h:117->C:\scratch\2024.1\hls_product\545\2024.1\src\shared\hls\clib\hlsmath\src\lib_floatconversion.cpp:49->kernel.cpp:40]   --->   Operation 62 'bitconcatenate' 'mantissa' <Predicate = true> <Delay = 0.00>
ST_2 : Operation 63 [1/1] (0.00ns)   --->   "%zext_ln15 = zext i25 %mantissa" [C:\scratch\2024.1\hls_product\545\2024.1\src\shared\hls\clib/hlsmath/include/FloatingPoint\hls_case_IEEE754.h:15->C:\scratch\2024.1\hls_product\545\2024.1\src\shared\hls\clib/hlsmath/include/FloatingPoint\hls_case_IEEE754.h:117->C:\scratch\2024.1\hls_product\545\2024.1\src\shared\hls\clib\hlsmath\src\lib_floatconversion.cpp:49->kernel.cpp:40]   --->   Operation 63 'zext' 'zext_ln15' <Predicate = true> <Delay = 0.00>
ST_2 : Operation 64 [1/1] (0.00ns)   --->   "%sext_ln18_1 = sext i9 %select_ln18" [C:\scratch\2024.1\hls_product\545\2024.1\src\shared\hls\clib/hlsmath/include/FloatingPoint\hls_case_IEEE754.h:18->C:\scratch\2024.1\hls_product\545\2024.1\src\shared\hls\clib/hlsmath/include/FloatingPoint\hls_case_IEEE754.h:117->C:\scratch\2024.1\hls_product\545\2024.1\src\shared\hls\clib\hlsmath\src\lib_floatconversion.cpp:49->kernel.cpp:40]   --->   Operation 64 'sext' 'sext_ln18_1' <Predicate = true> <Delay = 0.00>
ST_2 : Operation 65 [1/1] (0.00ns)   --->   "%zext_ln18 = zext i32 %sext_ln18_1" [C:\scratch\2024.1\hls_product\545\2024.1\src\shared\hls\clib/hlsmath/include/FloatingPoint\hls_case_IEEE754.h:18->C:\scratch\2024.1\hls_product\545\2024.1\src\shared\hls\clib/hlsmath/include/FloatingPoint\hls_case_IEEE754.h:117->C:\scratch\2024.1\hls_product\545\2024.1\src\shared\hls\clib\hlsmath\src\lib_floatconversion.cpp:49->kernel.cpp:40]   --->   Operation 65 'zext' 'zext_ln18' <Predicate = true> <Delay = 0.00>
ST_2 : Operation 66 [1/1] (1.05ns)   --->   "%lshr_ln18 = lshr i55 %zext_ln15, i55 %zext_ln18" [C:\scratch\2024.1\hls_product\545\2024.1\src\shared\hls\clib/hlsmath/include/FloatingPoint\hls_case_IEEE754.h:18->C:\scratch\2024.1\hls_product\545\2024.1\src\shared\hls\clib/hlsmath/include/FloatingPoint\hls_case_IEEE754.h:117->C:\scratch\2024.1\hls_product\545\2024.1\src\shared\hls\clib\hlsmath\src\lib_floatconversion.cpp:49->kernel.cpp:40]   --->   Operation 66 'lshr' 'lshr_ln18' <Predicate = (tmp)> <Delay = 1.05> <CoreInst = "Shifter">   --->   Core 75 'Shifter' <Latency = 0> <II = 1> <Delay = 1.05> <FuncUnit> <Opcode : 'shl' 'lshr' 'ashr'> <InPorts = 2> <OutPorts = 1>
ST_2 : Operation 67 [1/1] (1.05ns)   --->   "%shl_ln18 = shl i55 %zext_ln15, i55 %zext_ln18" [C:\scratch\2024.1\hls_product\545\2024.1\src\shared\hls\clib/hlsmath/include/FloatingPoint\hls_case_IEEE754.h:18->C:\scratch\2024.1\hls_product\545\2024.1\src\shared\hls\clib/hlsmath/include/FloatingPoint\hls_case_IEEE754.h:117->C:\scratch\2024.1\hls_product\545\2024.1\src\shared\hls\clib\hlsmath\src\lib_floatconversion.cpp:49->kernel.cpp:40]   --->   Operation 67 'shl' 'shl_ln18' <Predicate = (!tmp)> <Delay = 1.05> <CoreInst = "Shifter">   --->   Core 75 'Shifter' <Latency = 0> <II = 1> <Delay = 1.05> <FuncUnit> <Opcode : 'shl' 'lshr' 'ashr'> <InPorts = 2> <OutPorts = 1>
ST_2 : Operation 68 [1/1] (0.00ns)   --->   "%tmp_3 = partselect i8 @_ssdm_op_PartSelect.i8.i55.i32.i32, i55 %lshr_ln18, i32 24, i32 31" [C:\scratch\2024.1\hls_product\545\2024.1\src\shared\hls\clib/hlsmath/include/FloatingPoint\hls_case_IEEE754.h:21->C:\scratch\2024.1\hls_product\545\2024.1\src\shared\hls\clib/hlsmath/include/FloatingPoint\hls_case_IEEE754.h:117->C:\scratch\2024.1\hls_product\545\2024.1\src\shared\hls\clib\hlsmath\src\lib_floatconversion.cpp:49->kernel.cpp:40]   --->   Operation 68 'partselect' 'tmp_3' <Predicate = (tmp)> <Delay = 0.00>
ST_2 : Operation 69 [1/1] (0.00ns)   --->   "%tmp_4 = partselect i8 @_ssdm_op_PartSelect.i8.i55.i32.i32, i55 %shl_ln18, i32 24, i32 31" [C:\scratch\2024.1\hls_product\545\2024.1\src\shared\hls\clib/hlsmath/include/FloatingPoint\hls_case_IEEE754.h:21->C:\scratch\2024.1\hls_product\545\2024.1\src\shared\hls\clib/hlsmath/include/FloatingPoint\hls_case_IEEE754.h:117->C:\scratch\2024.1\hls_product\545\2024.1\src\shared\hls\clib\hlsmath\src\lib_floatconversion.cpp:49->kernel.cpp:40]   --->   Operation 69 'partselect' 'tmp_4' <Predicate = (!tmp)> <Delay = 0.00>
ST_2 : Operation 70 [1/1] (0.30ns)   --->   "%val = select i1 %tmp, i8 %tmp_3, i8 %tmp_4" [C:\scratch\2024.1\hls_product\545\2024.1\src\shared\hls\clib/hlsmath/include/FloatingPoint\hls_case_IEEE754.h:18->C:\scratch\2024.1\hls_product\545\2024.1\src\shared\hls\clib/hlsmath/include/FloatingPoint\hls_case_IEEE754.h:117->C:\scratch\2024.1\hls_product\545\2024.1\src\shared\hls\clib\hlsmath\src\lib_floatconversion.cpp:49->kernel.cpp:40]   --->   Operation 70 'select' 'val' <Predicate = true> <Delay = 0.30> <CoreInst = "Sel">   --->   Core 73 'Sel' <Latency = 0> <II = 1> <Delay = 0.30> <FuncUnit> <Opcode : 'select'> <InPorts = 3> <OutPorts = 1>
ST_2 : Operation 71 [1/1] (0.70ns)   --->   "%sub_ln59 = sub i8 0, i8 %val" [C:\scratch\2024.1\hls_product\545\2024.1\src\shared\hls\clib/hlsmath/include/FloatingPoint\hls_case_IEEE754.h:59->C:\scratch\2024.1\hls_product\545\2024.1\src\shared\hls\clib/hlsmath/include/FloatingPoint\hls_case_IEEE754.h:117->C:\scratch\2024.1\hls_product\545\2024.1\src\shared\hls\clib\hlsmath\src\lib_floatconversion.cpp:49->kernel.cpp:40]   --->   Operation 71 'sub' 'sub_ln59' <Predicate = (xs_sign)> <Delay = 0.70> <CoreInst = "Adder">   --->   Core 1 'Adder' <Latency = 0> <II = 1> <Delay = 0.70> <FuncUnit> <Opcode : 'add' 'sub'> <InPorts = 2> <OutPorts = 1>
ST_2 : Operation 72 [1/1] (0.30ns)   --->   "%result = select i1 %xs_sign, i8 %sub_ln59, i8 %val" [C:\scratch\2024.1\hls_product\545\2024.1\src\shared\hls\clib/hlsmath/include/FloatingPoint\hls_case_IEEE754.h:59->C:\scratch\2024.1\hls_product\545\2024.1\src\shared\hls\clib/hlsmath/include/FloatingPoint\hls_case_IEEE754.h:117->C:\scratch\2024.1\hls_product\545\2024.1\src\shared\hls\clib\hlsmath\src\lib_floatconversion.cpp:49->kernel.cpp:40]   --->   Operation 72 'select' 'result' <Predicate = true> <Delay = 0.30> <CoreInst = "Sel">   --->   Core 73 'Sel' <Latency = 0> <II = 1> <Delay = 0.30> <FuncUnit> <Opcode : 'select'> <InPorts = 3> <OutPorts = 1>
ST_2 : Operation 73 [1/1] (0.00ns)   --->   "%tmp_1 = partselect i5 @_ssdm_op_PartSelect.i5.i8.i32.i32, i8 %result, i32 3, i32 7" [kernel.cpp:41]   --->   Operation 73 'partselect' 'tmp_1' <Predicate = true> <Delay = 0.00>
ST_2 : Operation 146 [1/1] (0.00ns)   --->   "%buffer_load = load i4 %buffer"   --->   Operation 146 'load' 'buffer_load' <Predicate = (icmp_ln32)> <Delay = 0.00>
ST_2 : Operation 147 [1/1] (0.00ns)   --->   "%buffer_1_load = load i4 %buffer_1"   --->   Operation 147 'load' 'buffer_1_load' <Predicate = (icmp_ln32)> <Delay = 0.00>
ST_2 : Operation 148 [1/1] (0.00ns)   --->   "%buffer_2_load = load i4 %buffer_2"   --->   Operation 148 'load' 'buffer_2_load' <Predicate = (icmp_ln32)> <Delay = 0.00>
ST_2 : Operation 149 [1/1] (0.00ns)   --->   "%buffer_3_load = load i4 %buffer_3"   --->   Operation 149 'load' 'buffer_3_load' <Predicate = (icmp_ln32)> <Delay = 0.00>
ST_2 : Operation 150 [1/1] (0.00ns)   --->   "%buffer_4_load = load i4 %buffer_4"   --->   Operation 150 'load' 'buffer_4_load' <Predicate = (icmp_ln32)> <Delay = 0.00>
ST_2 : Operation 151 [1/1] (0.00ns)   --->   "%buffer_5_load = load i4 %buffer_5"   --->   Operation 151 'load' 'buffer_5_load' <Predicate = (icmp_ln32)> <Delay = 0.00>
ST_2 : Operation 152 [1/1] (0.00ns)   --->   "%buffer_6_load = load i4 %buffer_6"   --->   Operation 152 'load' 'buffer_6_load' <Predicate = (icmp_ln32)> <Delay = 0.00>
ST_2 : Operation 153 [1/1] (0.00ns)   --->   "%buffer_7_load = load i4 %buffer_7"   --->   Operation 153 'load' 'buffer_7_load' <Predicate = (icmp_ln32)> <Delay = 0.00>
ST_2 : Operation 154 [1/1] (0.00ns)   --->   "%buffer_8_load = load i4 %buffer_8"   --->   Operation 154 'load' 'buffer_8_load' <Predicate = (icmp_ln32)> <Delay = 0.00>
ST_2 : Operation 155 [1/1] (0.00ns)   --->   "%buffer_9_load = load i4 %buffer_9"   --->   Operation 155 'load' 'buffer_9_load' <Predicate = (icmp_ln32)> <Delay = 0.00>
ST_2 : Operation 156 [1/1] (0.00ns)   --->   "%buffer_10_load = load i4 %buffer_10"   --->   Operation 156 'load' 'buffer_10_load' <Predicate = (icmp_ln32)> <Delay = 0.00>
ST_2 : Operation 157 [1/1] (0.00ns)   --->   "%buffer_11_load = load i4 %buffer_11"   --->   Operation 157 'load' 'buffer_11_load' <Predicate = (icmp_ln32)> <Delay = 0.00>
ST_2 : Operation 158 [1/1] (0.00ns)   --->   "%buffer_12_load = load i4 %buffer_12"   --->   Operation 158 'load' 'buffer_12_load' <Predicate = (icmp_ln32)> <Delay = 0.00>
ST_2 : Operation 159 [1/1] (0.00ns)   --->   "%buffer_13_load = load i4 %buffer_13"   --->   Operation 159 'load' 'buffer_13_load' <Predicate = (icmp_ln32)> <Delay = 0.00>
ST_2 : Operation 160 [1/1] (0.00ns)   --->   "%buffer_14_load = load i4 %buffer_14"   --->   Operation 160 'load' 'buffer_14_load' <Predicate = (icmp_ln32)> <Delay = 0.00>
ST_2 : Operation 161 [1/1] (0.00ns)   --->   "%buffer_15_load = load i4 %buffer_15"   --->   Operation 161 'load' 'buffer_15_load' <Predicate = (icmp_ln32)> <Delay = 0.00>
ST_2 : Operation 162 [1/1] (0.00ns)   --->   "%buffer_16_load = load i4 %buffer_16"   --->   Operation 162 'load' 'buffer_16_load' <Predicate = (icmp_ln32)> <Delay = 0.00>
ST_2 : Operation 163 [1/1] (0.00ns)   --->   "%buffer_17_load = load i4 %buffer_17"   --->   Operation 163 'load' 'buffer_17_load' <Predicate = (icmp_ln32)> <Delay = 0.00>
ST_2 : Operation 164 [1/1] (0.00ns)   --->   "%buffer_18_load = load i4 %buffer_18"   --->   Operation 164 'load' 'buffer_18_load' <Predicate = (icmp_ln32)> <Delay = 0.00>
ST_2 : Operation 165 [1/1] (0.00ns)   --->   "%buffer_19_load = load i4 %buffer_19"   --->   Operation 165 'load' 'buffer_19_load' <Predicate = (icmp_ln32)> <Delay = 0.00>
ST_2 : Operation 166 [1/1] (0.00ns)   --->   "%buffer_20_load = load i4 %buffer_20"   --->   Operation 166 'load' 'buffer_20_load' <Predicate = (icmp_ln32)> <Delay = 0.00>
ST_2 : Operation 167 [1/1] (0.00ns)   --->   "%buffer_21_load = load i4 %buffer_21"   --->   Operation 167 'load' 'buffer_21_load' <Predicate = (icmp_ln32)> <Delay = 0.00>
ST_2 : Operation 168 [1/1] (0.00ns)   --->   "%buffer_22_load = load i4 %buffer_22"   --->   Operation 168 'load' 'buffer_22_load' <Predicate = (icmp_ln32)> <Delay = 0.00>
ST_2 : Operation 169 [1/1] (0.00ns)   --->   "%buffer_23_load = load i4 %buffer_23"   --->   Operation 169 'load' 'buffer_23_load' <Predicate = (icmp_ln32)> <Delay = 0.00>
ST_2 : Operation 170 [1/1] (0.00ns)   --->   "%buffer_24_load = load i4 %buffer_24"   --->   Operation 170 'load' 'buffer_24_load' <Predicate = (icmp_ln32)> <Delay = 0.00>
ST_2 : Operation 171 [1/1] (0.00ns)   --->   "%buffer_25_load = load i4 %buffer_25"   --->   Operation 171 'load' 'buffer_25_load' <Predicate = (icmp_ln32)> <Delay = 0.00>
ST_2 : Operation 172 [1/1] (0.00ns)   --->   "%buffer_26_load = load i4 %buffer_26"   --->   Operation 172 'load' 'buffer_26_load' <Predicate = (icmp_ln32)> <Delay = 0.00>
ST_2 : Operation 173 [1/1] (0.00ns)   --->   "%buffer_27_load = load i4 %buffer_27"   --->   Operation 173 'load' 'buffer_27_load' <Predicate = (icmp_ln32)> <Delay = 0.00>
ST_2 : Operation 174 [1/1] (0.00ns)   --->   "%buffer_28_load = load i4 %buffer_28"   --->   Operation 174 'load' 'buffer_28_load' <Predicate = (icmp_ln32)> <Delay = 0.00>
ST_2 : Operation 175 [1/1] (0.00ns)   --->   "%buffer_29_load = load i4 %buffer_29"   --->   Operation 175 'load' 'buffer_29_load' <Predicate = (icmp_ln32)> <Delay = 0.00>
ST_2 : Operation 176 [1/1] (0.00ns)   --->   "%buffer_30_load = load i4 %buffer_30"   --->   Operation 176 'load' 'buffer_30_load' <Predicate = (icmp_ln32)> <Delay = 0.00>
ST_2 : Operation 177 [1/1] (0.00ns)   --->   "%buffer_31_load = load i4 %buffer_31"   --->   Operation 177 'load' 'buffer_31_load' <Predicate = (icmp_ln32)> <Delay = 0.00>
ST_2 : Operation 178 [1/1] (0.00ns)   --->   "%write_ln0 = write void @_ssdm_op_Write.ap_auto.i4P0A, i4 %buffer_31_out, i4 %buffer_31_load"   --->   Operation 178 'write' 'write_ln0' <Predicate = (icmp_ln32)> <Delay = 0.00>
ST_2 : Operation 179 [1/1] (0.00ns)   --->   "%write_ln0 = write void @_ssdm_op_Write.ap_auto.i4P0A, i4 %buffer_30_out, i4 %buffer_30_load"   --->   Operation 179 'write' 'write_ln0' <Predicate = (icmp_ln32)> <Delay = 0.00>
ST_2 : Operation 180 [1/1] (0.00ns)   --->   "%write_ln0 = write void @_ssdm_op_Write.ap_auto.i4P0A, i4 %buffer_29_out, i4 %buffer_29_load"   --->   Operation 180 'write' 'write_ln0' <Predicate = (icmp_ln32)> <Delay = 0.00>
ST_2 : Operation 181 [1/1] (0.00ns)   --->   "%write_ln0 = write void @_ssdm_op_Write.ap_auto.i4P0A, i4 %buffer_28_out, i4 %buffer_28_load"   --->   Operation 181 'write' 'write_ln0' <Predicate = (icmp_ln32)> <Delay = 0.00>
ST_2 : Operation 182 [1/1] (0.00ns)   --->   "%write_ln0 = write void @_ssdm_op_Write.ap_auto.i4P0A, i4 %buffer_27_out, i4 %buffer_27_load"   --->   Operation 182 'write' 'write_ln0' <Predicate = (icmp_ln32)> <Delay = 0.00>
ST_2 : Operation 183 [1/1] (0.00ns)   --->   "%write_ln0 = write void @_ssdm_op_Write.ap_auto.i4P0A, i4 %buffer_26_out, i4 %buffer_26_load"   --->   Operation 183 'write' 'write_ln0' <Predicate = (icmp_ln32)> <Delay = 0.00>
ST_2 : Operation 184 [1/1] (0.00ns)   --->   "%write_ln0 = write void @_ssdm_op_Write.ap_auto.i4P0A, i4 %buffer_25_out, i4 %buffer_25_load"   --->   Operation 184 'write' 'write_ln0' <Predicate = (icmp_ln32)> <Delay = 0.00>
ST_2 : Operation 185 [1/1] (0.00ns)   --->   "%write_ln0 = write void @_ssdm_op_Write.ap_auto.i4P0A, i4 %buffer_24_out, i4 %buffer_24_load"   --->   Operation 185 'write' 'write_ln0' <Predicate = (icmp_ln32)> <Delay = 0.00>
ST_2 : Operation 186 [1/1] (0.00ns)   --->   "%write_ln0 = write void @_ssdm_op_Write.ap_auto.i4P0A, i4 %buffer_23_out, i4 %buffer_23_load"   --->   Operation 186 'write' 'write_ln0' <Predicate = (icmp_ln32)> <Delay = 0.00>
ST_2 : Operation 187 [1/1] (0.00ns)   --->   "%write_ln0 = write void @_ssdm_op_Write.ap_auto.i4P0A, i4 %buffer_22_out, i4 %buffer_22_load"   --->   Operation 187 'write' 'write_ln0' <Predicate = (icmp_ln32)> <Delay = 0.00>
ST_2 : Operation 188 [1/1] (0.00ns)   --->   "%write_ln0 = write void @_ssdm_op_Write.ap_auto.i4P0A, i4 %buffer_21_out, i4 %buffer_21_load"   --->   Operation 188 'write' 'write_ln0' <Predicate = (icmp_ln32)> <Delay = 0.00>
ST_2 : Operation 189 [1/1] (0.00ns)   --->   "%write_ln0 = write void @_ssdm_op_Write.ap_auto.i4P0A, i4 %buffer_20_out, i4 %buffer_20_load"   --->   Operation 189 'write' 'write_ln0' <Predicate = (icmp_ln32)> <Delay = 0.00>
ST_2 : Operation 190 [1/1] (0.00ns)   --->   "%write_ln0 = write void @_ssdm_op_Write.ap_auto.i4P0A, i4 %buffer_19_out, i4 %buffer_19_load"   --->   Operation 190 'write' 'write_ln0' <Predicate = (icmp_ln32)> <Delay = 0.00>
ST_2 : Operation 191 [1/1] (0.00ns)   --->   "%write_ln0 = write void @_ssdm_op_Write.ap_auto.i4P0A, i4 %buffer_18_out, i4 %buffer_18_load"   --->   Operation 191 'write' 'write_ln0' <Predicate = (icmp_ln32)> <Delay = 0.00>
ST_2 : Operation 192 [1/1] (0.00ns)   --->   "%write_ln0 = write void @_ssdm_op_Write.ap_auto.i4P0A, i4 %buffer_17_out, i4 %buffer_17_load"   --->   Operation 192 'write' 'write_ln0' <Predicate = (icmp_ln32)> <Delay = 0.00>
ST_2 : Operation 193 [1/1] (0.00ns)   --->   "%write_ln0 = write void @_ssdm_op_Write.ap_auto.i4P0A, i4 %buffer_16_out, i4 %buffer_16_load"   --->   Operation 193 'write' 'write_ln0' <Predicate = (icmp_ln32)> <Delay = 0.00>
ST_2 : Operation 194 [1/1] (0.00ns)   --->   "%write_ln0 = write void @_ssdm_op_Write.ap_auto.i4P0A, i4 %buffer_15_out, i4 %buffer_15_load"   --->   Operation 194 'write' 'write_ln0' <Predicate = (icmp_ln32)> <Delay = 0.00>
ST_2 : Operation 195 [1/1] (0.00ns)   --->   "%write_ln0 = write void @_ssdm_op_Write.ap_auto.i4P0A, i4 %buffer_14_out, i4 %buffer_14_load"   --->   Operation 195 'write' 'write_ln0' <Predicate = (icmp_ln32)> <Delay = 0.00>
ST_2 : Operation 196 [1/1] (0.00ns)   --->   "%write_ln0 = write void @_ssdm_op_Write.ap_auto.i4P0A, i4 %buffer_13_out, i4 %buffer_13_load"   --->   Operation 196 'write' 'write_ln0' <Predicate = (icmp_ln32)> <Delay = 0.00>
ST_2 : Operation 197 [1/1] (0.00ns)   --->   "%write_ln0 = write void @_ssdm_op_Write.ap_auto.i4P0A, i4 %buffer_12_out, i4 %buffer_12_load"   --->   Operation 197 'write' 'write_ln0' <Predicate = (icmp_ln32)> <Delay = 0.00>
ST_2 : Operation 198 [1/1] (0.00ns)   --->   "%write_ln0 = write void @_ssdm_op_Write.ap_auto.i4P0A, i4 %buffer_11_out, i4 %buffer_11_load"   --->   Operation 198 'write' 'write_ln0' <Predicate = (icmp_ln32)> <Delay = 0.00>
ST_2 : Operation 199 [1/1] (0.00ns)   --->   "%write_ln0 = write void @_ssdm_op_Write.ap_auto.i4P0A, i4 %buffer_10_out, i4 %buffer_10_load"   --->   Operation 199 'write' 'write_ln0' <Predicate = (icmp_ln32)> <Delay = 0.00>
ST_2 : Operation 200 [1/1] (0.00ns)   --->   "%write_ln0 = write void @_ssdm_op_Write.ap_auto.i4P0A, i4 %buffer_9_out, i4 %buffer_9_load"   --->   Operation 200 'write' 'write_ln0' <Predicate = (icmp_ln32)> <Delay = 0.00>
ST_2 : Operation 201 [1/1] (0.00ns)   --->   "%write_ln0 = write void @_ssdm_op_Write.ap_auto.i4P0A, i4 %buffer_8_out, i4 %buffer_8_load"   --->   Operation 201 'write' 'write_ln0' <Predicate = (icmp_ln32)> <Delay = 0.00>
ST_2 : Operation 202 [1/1] (0.00ns)   --->   "%write_ln0 = write void @_ssdm_op_Write.ap_auto.i4P0A, i4 %buffer_7_out, i4 %buffer_7_load"   --->   Operation 202 'write' 'write_ln0' <Predicate = (icmp_ln32)> <Delay = 0.00>
ST_2 : Operation 203 [1/1] (0.00ns)   --->   "%write_ln0 = write void @_ssdm_op_Write.ap_auto.i4P0A, i4 %buffer_6_out, i4 %buffer_6_load"   --->   Operation 203 'write' 'write_ln0' <Predicate = (icmp_ln32)> <Delay = 0.00>
ST_2 : Operation 204 [1/1] (0.00ns)   --->   "%write_ln0 = write void @_ssdm_op_Write.ap_auto.i4P0A, i4 %buffer_5_out, i4 %buffer_5_load"   --->   Operation 204 'write' 'write_ln0' <Predicate = (icmp_ln32)> <Delay = 0.00>
ST_2 : Operation 205 [1/1] (0.00ns)   --->   "%write_ln0 = write void @_ssdm_op_Write.ap_auto.i4P0A, i4 %buffer_4_out, i4 %buffer_4_load"   --->   Operation 205 'write' 'write_ln0' <Predicate = (icmp_ln32)> <Delay = 0.00>
ST_2 : Operation 206 [1/1] (0.00ns)   --->   "%write_ln0 = write void @_ssdm_op_Write.ap_auto.i4P0A, i4 %buffer_3_out, i4 %buffer_3_load"   --->   Operation 206 'write' 'write_ln0' <Predicate = (icmp_ln32)> <Delay = 0.00>
ST_2 : Operation 207 [1/1] (0.00ns)   --->   "%write_ln0 = write void @_ssdm_op_Write.ap_auto.i4P0A, i4 %buffer_2_out, i4 %buffer_2_load"   --->   Operation 207 'write' 'write_ln0' <Predicate = (icmp_ln32)> <Delay = 0.00>
ST_2 : Operation 208 [1/1] (0.00ns)   --->   "%write_ln0 = write void @_ssdm_op_Write.ap_auto.i4P0A, i4 %buffer_1_out, i4 %buffer_1_load"   --->   Operation 208 'write' 'write_ln0' <Predicate = (icmp_ln32)> <Delay = 0.00>
ST_2 : Operation 209 [1/1] (0.00ns)   --->   "%write_ln0 = write void @_ssdm_op_Write.ap_auto.i4P0A, i4 %buffer_out, i4 %buffer_load"   --->   Operation 209 'write' 'write_ln0' <Predicate = (icmp_ln32)> <Delay = 0.00>
ST_2 : Operation 210 [1/1] (0.38ns)   --->   "%ret_ln0 = ret"   --->   Operation 210 'ret' 'ret_ln0' <Predicate = (icmp_ln32)> <Delay = 0.38>

State 3 <SV = 2> <Delay = 2.06>
ST_3 : Operation 74 [1/1] (0.00ns)   --->   "%specpipeline_ln33 = specpipeline void @_ssdm_op_SpecPipeline, i32 1, i32 0, i32 0, i32 0, void @empty_1" [kernel.cpp:33]   --->   Operation 74 'specpipeline' 'specpipeline_ln33' <Predicate = true> <Delay = 0.00>
ST_3 : Operation 75 [1/1] (0.00ns)   --->   "%speclooptripcount_ln28 = speclooptripcount void @_ssdm_op_SpecLoopTripCount, i64 32, i64 32, i64 32" [kernel.cpp:28]   --->   Operation 75 'speclooptripcount' 'speclooptripcount_ln28' <Predicate = true> <Delay = 0.00>
ST_3 : Operation 76 [1/1] (0.00ns)   --->   "%specloopname_ln32 = specloopname void @_ssdm_op_SpecLoopName, void @empty_9" [kernel.cpp:32]   --->   Operation 76 'specloopname' 'specloopname_ln32' <Predicate = true> <Delay = 0.00>
ST_3 : Operation 77 [1/1] (0.70ns)   --->   "%icmp_ln41 = icmp_sgt  i5 %tmp_1, i5 0" [kernel.cpp:41]   --->   Operation 77 'icmp' 'icmp_ln41' <Predicate = true> <Delay = 0.70> <CoreInst = "Cmp">   --->   Core 9 'Cmp' <Latency = 0> <II = 1> <Delay = 0.70> <FuncUnit> <Opcode : 'seteq' 'setne' 'setle' 'setge' 'setlt' 'setgt'> <InPorts = 2> <OutPorts = 1>
ST_3 : Operation 78 [1/1] (0.30ns)   --->   "%i8_1 = select i1 %icmp_ln41, i8 7, i8 %result" [kernel.cpp:41]   --->   Operation 78 'select' 'i8_1' <Predicate = true> <Delay = 0.30> <CoreInst = "Sel">   --->   Core 73 'Sel' <Latency = 0> <II = 1> <Delay = 0.30> <FuncUnit> <Opcode : 'select'> <InPorts = 3> <OutPorts = 1>
ST_3 : Operation 79 [1/1] (0.70ns)   --->   "%icmp_ln42 = icmp_slt  i8 %i8_1, i8 248" [kernel.cpp:42]   --->   Operation 79 'icmp' 'icmp_ln42' <Predicate = true> <Delay = 0.70> <CoreInst = "Cmp">   --->   Core 9 'Cmp' <Latency = 0> <II = 1> <Delay = 0.70> <FuncUnit> <Opcode : 'seteq' 'setne' 'setle' 'setge' 'setlt' 'setgt'> <InPorts = 2> <OutPorts = 1>
ST_3 : Operation 80 [1/1] (0.00ns)   --->   "%trunc_ln44 = trunc i8 %i8_1" [kernel.cpp:44]   --->   Operation 80 'trunc' 'trunc_ln44' <Predicate = true> <Delay = 0.00>
ST_3 : Operation 81 [1/1] (0.35ns)   --->   "%buffer_32 = select i1 %icmp_ln42, i4 8, i4 %trunc_ln44" [kernel.cpp:44]   --->   Operation 81 'select' 'buffer_32' <Predicate = true> <Delay = 0.35> <CoreInst = "Sel">   --->   Core 73 'Sel' <Latency = 0> <II = 1> <Delay = 0.35> <FuncUnit> <Opcode : 'select'> <InPorts = 3> <OutPorts = 1>
ST_3 : Operation 82 [1/1] (0.00ns)   --->   "%store_ln28 = store i4 %buffer_32, i4 %buffer_30" [kernel.cpp:28]   --->   Operation 82 'store' 'store_ln28' <Predicate = (trunc_ln32 == 30)> <Delay = 0.00>
ST_3 : Operation 83 [1/1] (0.00ns)   --->   "%br_ln44 = br void %arrayidx.exit" [kernel.cpp:44]   --->   Operation 83 'br' 'br_ln44' <Predicate = (trunc_ln32 == 30)> <Delay = 0.00>
ST_3 : Operation 84 [1/1] (0.00ns)   --->   "%store_ln28 = store i4 %buffer_32, i4 %buffer_29" [kernel.cpp:28]   --->   Operation 84 'store' 'store_ln28' <Predicate = (trunc_ln32 == 29)> <Delay = 0.00>
ST_3 : Operation 85 [1/1] (0.00ns)   --->   "%br_ln44 = br void %arrayidx.exit" [kernel.cpp:44]   --->   Operation 85 'br' 'br_ln44' <Predicate = (trunc_ln32 == 29)> <Delay = 0.00>
ST_3 : Operation 86 [1/1] (0.00ns)   --->   "%store_ln28 = store i4 %buffer_32, i4 %buffer_28" [kernel.cpp:28]   --->   Operation 86 'store' 'store_ln28' <Predicate = (trunc_ln32 == 28)> <Delay = 0.00>
ST_3 : Operation 87 [1/1] (0.00ns)   --->   "%br_ln44 = br void %arrayidx.exit" [kernel.cpp:44]   --->   Operation 87 'br' 'br_ln44' <Predicate = (trunc_ln32 == 28)> <Delay = 0.00>
ST_3 : Operation 88 [1/1] (0.00ns)   --->   "%store_ln28 = store i4 %buffer_32, i4 %buffer_27" [kernel.cpp:28]   --->   Operation 88 'store' 'store_ln28' <Predicate = (trunc_ln32 == 27)> <Delay = 0.00>
ST_3 : Operation 89 [1/1] (0.00ns)   --->   "%br_ln44 = br void %arrayidx.exit" [kernel.cpp:44]   --->   Operation 89 'br' 'br_ln44' <Predicate = (trunc_ln32 == 27)> <Delay = 0.00>
ST_3 : Operation 90 [1/1] (0.00ns)   --->   "%store_ln28 = store i4 %buffer_32, i4 %buffer_26" [kernel.cpp:28]   --->   Operation 90 'store' 'store_ln28' <Predicate = (trunc_ln32 == 26)> <Delay = 0.00>
ST_3 : Operation 91 [1/1] (0.00ns)   --->   "%br_ln44 = br void %arrayidx.exit" [kernel.cpp:44]   --->   Operation 91 'br' 'br_ln44' <Predicate = (trunc_ln32 == 26)> <Delay = 0.00>
ST_3 : Operation 92 [1/1] (0.00ns)   --->   "%store_ln28 = store i4 %buffer_32, i4 %buffer_25" [kernel.cpp:28]   --->   Operation 92 'store' 'store_ln28' <Predicate = (trunc_ln32 == 25)> <Delay = 0.00>
ST_3 : Operation 93 [1/1] (0.00ns)   --->   "%br_ln44 = br void %arrayidx.exit" [kernel.cpp:44]   --->   Operation 93 'br' 'br_ln44' <Predicate = (trunc_ln32 == 25)> <Delay = 0.00>
ST_3 : Operation 94 [1/1] (0.00ns)   --->   "%store_ln28 = store i4 %buffer_32, i4 %buffer_24" [kernel.cpp:28]   --->   Operation 94 'store' 'store_ln28' <Predicate = (trunc_ln32 == 24)> <Delay = 0.00>
ST_3 : Operation 95 [1/1] (0.00ns)   --->   "%br_ln44 = br void %arrayidx.exit" [kernel.cpp:44]   --->   Operation 95 'br' 'br_ln44' <Predicate = (trunc_ln32 == 24)> <Delay = 0.00>
ST_3 : Operation 96 [1/1] (0.00ns)   --->   "%store_ln28 = store i4 %buffer_32, i4 %buffer_23" [kernel.cpp:28]   --->   Operation 96 'store' 'store_ln28' <Predicate = (trunc_ln32 == 23)> <Delay = 0.00>
ST_3 : Operation 97 [1/1] (0.00ns)   --->   "%br_ln44 = br void %arrayidx.exit" [kernel.cpp:44]   --->   Operation 97 'br' 'br_ln44' <Predicate = (trunc_ln32 == 23)> <Delay = 0.00>
ST_3 : Operation 98 [1/1] (0.00ns)   --->   "%store_ln28 = store i4 %buffer_32, i4 %buffer_22" [kernel.cpp:28]   --->   Operation 98 'store' 'store_ln28' <Predicate = (trunc_ln32 == 22)> <Delay = 0.00>
ST_3 : Operation 99 [1/1] (0.00ns)   --->   "%br_ln44 = br void %arrayidx.exit" [kernel.cpp:44]   --->   Operation 99 'br' 'br_ln44' <Predicate = (trunc_ln32 == 22)> <Delay = 0.00>
ST_3 : Operation 100 [1/1] (0.00ns)   --->   "%store_ln28 = store i4 %buffer_32, i4 %buffer_21" [kernel.cpp:28]   --->   Operation 100 'store' 'store_ln28' <Predicate = (trunc_ln32 == 21)> <Delay = 0.00>
ST_3 : Operation 101 [1/1] (0.00ns)   --->   "%br_ln44 = br void %arrayidx.exit" [kernel.cpp:44]   --->   Operation 101 'br' 'br_ln44' <Predicate = (trunc_ln32 == 21)> <Delay = 0.00>
ST_3 : Operation 102 [1/1] (0.00ns)   --->   "%store_ln28 = store i4 %buffer_32, i4 %buffer_20" [kernel.cpp:28]   --->   Operation 102 'store' 'store_ln28' <Predicate = (trunc_ln32 == 20)> <Delay = 0.00>
ST_3 : Operation 103 [1/1] (0.00ns)   --->   "%br_ln44 = br void %arrayidx.exit" [kernel.cpp:44]   --->   Operation 103 'br' 'br_ln44' <Predicate = (trunc_ln32 == 20)> <Delay = 0.00>
ST_3 : Operation 104 [1/1] (0.00ns)   --->   "%store_ln28 = store i4 %buffer_32, i4 %buffer_19" [kernel.cpp:28]   --->   Operation 104 'store' 'store_ln28' <Predicate = (trunc_ln32 == 19)> <Delay = 0.00>
ST_3 : Operation 105 [1/1] (0.00ns)   --->   "%br_ln44 = br void %arrayidx.exit" [kernel.cpp:44]   --->   Operation 105 'br' 'br_ln44' <Predicate = (trunc_ln32 == 19)> <Delay = 0.00>
ST_3 : Operation 106 [1/1] (0.00ns)   --->   "%store_ln28 = store i4 %buffer_32, i4 %buffer_18" [kernel.cpp:28]   --->   Operation 106 'store' 'store_ln28' <Predicate = (trunc_ln32 == 18)> <Delay = 0.00>
ST_3 : Operation 107 [1/1] (0.00ns)   --->   "%br_ln44 = br void %arrayidx.exit" [kernel.cpp:44]   --->   Operation 107 'br' 'br_ln44' <Predicate = (trunc_ln32 == 18)> <Delay = 0.00>
ST_3 : Operation 108 [1/1] (0.00ns)   --->   "%store_ln28 = store i4 %buffer_32, i4 %buffer_17" [kernel.cpp:28]   --->   Operation 108 'store' 'store_ln28' <Predicate = (trunc_ln32 == 17)> <Delay = 0.00>
ST_3 : Operation 109 [1/1] (0.00ns)   --->   "%br_ln44 = br void %arrayidx.exit" [kernel.cpp:44]   --->   Operation 109 'br' 'br_ln44' <Predicate = (trunc_ln32 == 17)> <Delay = 0.00>
ST_3 : Operation 110 [1/1] (0.00ns)   --->   "%store_ln28 = store i4 %buffer_32, i4 %buffer_16" [kernel.cpp:28]   --->   Operation 110 'store' 'store_ln28' <Predicate = (trunc_ln32 == 16)> <Delay = 0.00>
ST_3 : Operation 111 [1/1] (0.00ns)   --->   "%br_ln44 = br void %arrayidx.exit" [kernel.cpp:44]   --->   Operation 111 'br' 'br_ln44' <Predicate = (trunc_ln32 == 16)> <Delay = 0.00>
ST_3 : Operation 112 [1/1] (0.00ns)   --->   "%store_ln28 = store i4 %buffer_32, i4 %buffer_15" [kernel.cpp:28]   --->   Operation 112 'store' 'store_ln28' <Predicate = (trunc_ln32 == 15)> <Delay = 0.00>
ST_3 : Operation 113 [1/1] (0.00ns)   --->   "%br_ln44 = br void %arrayidx.exit" [kernel.cpp:44]   --->   Operation 113 'br' 'br_ln44' <Predicate = (trunc_ln32 == 15)> <Delay = 0.00>
ST_3 : Operation 114 [1/1] (0.00ns)   --->   "%store_ln28 = store i4 %buffer_32, i4 %buffer_14" [kernel.cpp:28]   --->   Operation 114 'store' 'store_ln28' <Predicate = (trunc_ln32 == 14)> <Delay = 0.00>
ST_3 : Operation 115 [1/1] (0.00ns)   --->   "%br_ln44 = br void %arrayidx.exit" [kernel.cpp:44]   --->   Operation 115 'br' 'br_ln44' <Predicate = (trunc_ln32 == 14)> <Delay = 0.00>
ST_3 : Operation 116 [1/1] (0.00ns)   --->   "%store_ln28 = store i4 %buffer_32, i4 %buffer_13" [kernel.cpp:28]   --->   Operation 116 'store' 'store_ln28' <Predicate = (trunc_ln32 == 13)> <Delay = 0.00>
ST_3 : Operation 117 [1/1] (0.00ns)   --->   "%br_ln44 = br void %arrayidx.exit" [kernel.cpp:44]   --->   Operation 117 'br' 'br_ln44' <Predicate = (trunc_ln32 == 13)> <Delay = 0.00>
ST_3 : Operation 118 [1/1] (0.00ns)   --->   "%store_ln28 = store i4 %buffer_32, i4 %buffer_12" [kernel.cpp:28]   --->   Operation 118 'store' 'store_ln28' <Predicate = (trunc_ln32 == 12)> <Delay = 0.00>
ST_3 : Operation 119 [1/1] (0.00ns)   --->   "%br_ln44 = br void %arrayidx.exit" [kernel.cpp:44]   --->   Operation 119 'br' 'br_ln44' <Predicate = (trunc_ln32 == 12)> <Delay = 0.00>
ST_3 : Operation 120 [1/1] (0.00ns)   --->   "%store_ln28 = store i4 %buffer_32, i4 %buffer_11" [kernel.cpp:28]   --->   Operation 120 'store' 'store_ln28' <Predicate = (trunc_ln32 == 11)> <Delay = 0.00>
ST_3 : Operation 121 [1/1] (0.00ns)   --->   "%br_ln44 = br void %arrayidx.exit" [kernel.cpp:44]   --->   Operation 121 'br' 'br_ln44' <Predicate = (trunc_ln32 == 11)> <Delay = 0.00>
ST_3 : Operation 122 [1/1] (0.00ns)   --->   "%store_ln28 = store i4 %buffer_32, i4 %buffer_10" [kernel.cpp:28]   --->   Operation 122 'store' 'store_ln28' <Predicate = (trunc_ln32 == 10)> <Delay = 0.00>
ST_3 : Operation 123 [1/1] (0.00ns)   --->   "%br_ln44 = br void %arrayidx.exit" [kernel.cpp:44]   --->   Operation 123 'br' 'br_ln44' <Predicate = (trunc_ln32 == 10)> <Delay = 0.00>
ST_3 : Operation 124 [1/1] (0.00ns)   --->   "%store_ln28 = store i4 %buffer_32, i4 %buffer_9" [kernel.cpp:28]   --->   Operation 124 'store' 'store_ln28' <Predicate = (trunc_ln32 == 9)> <Delay = 0.00>
ST_3 : Operation 125 [1/1] (0.00ns)   --->   "%br_ln44 = br void %arrayidx.exit" [kernel.cpp:44]   --->   Operation 125 'br' 'br_ln44' <Predicate = (trunc_ln32 == 9)> <Delay = 0.00>
ST_3 : Operation 126 [1/1] (0.00ns)   --->   "%store_ln28 = store i4 %buffer_32, i4 %buffer_8" [kernel.cpp:28]   --->   Operation 126 'store' 'store_ln28' <Predicate = (trunc_ln32 == 8)> <Delay = 0.00>
ST_3 : Operation 127 [1/1] (0.00ns)   --->   "%br_ln44 = br void %arrayidx.exit" [kernel.cpp:44]   --->   Operation 127 'br' 'br_ln44' <Predicate = (trunc_ln32 == 8)> <Delay = 0.00>
ST_3 : Operation 128 [1/1] (0.00ns)   --->   "%store_ln28 = store i4 %buffer_32, i4 %buffer_7" [kernel.cpp:28]   --->   Operation 128 'store' 'store_ln28' <Predicate = (trunc_ln32 == 7)> <Delay = 0.00>
ST_3 : Operation 129 [1/1] (0.00ns)   --->   "%br_ln44 = br void %arrayidx.exit" [kernel.cpp:44]   --->   Operation 129 'br' 'br_ln44' <Predicate = (trunc_ln32 == 7)> <Delay = 0.00>
ST_3 : Operation 130 [1/1] (0.00ns)   --->   "%store_ln28 = store i4 %buffer_32, i4 %buffer_6" [kernel.cpp:28]   --->   Operation 130 'store' 'store_ln28' <Predicate = (trunc_ln32 == 6)> <Delay = 0.00>
ST_3 : Operation 131 [1/1] (0.00ns)   --->   "%br_ln44 = br void %arrayidx.exit" [kernel.cpp:44]   --->   Operation 131 'br' 'br_ln44' <Predicate = (trunc_ln32 == 6)> <Delay = 0.00>
ST_3 : Operation 132 [1/1] (0.00ns)   --->   "%store_ln28 = store i4 %buffer_32, i4 %buffer_5" [kernel.cpp:28]   --->   Operation 132 'store' 'store_ln28' <Predicate = (trunc_ln32 == 5)> <Delay = 0.00>
ST_3 : Operation 133 [1/1] (0.00ns)   --->   "%br_ln44 = br void %arrayidx.exit" [kernel.cpp:44]   --->   Operation 133 'br' 'br_ln44' <Predicate = (trunc_ln32 == 5)> <Delay = 0.00>
ST_3 : Operation 134 [1/1] (0.00ns)   --->   "%store_ln28 = store i4 %buffer_32, i4 %buffer_4" [kernel.cpp:28]   --->   Operation 134 'store' 'store_ln28' <Predicate = (trunc_ln32 == 4)> <Delay = 0.00>
ST_3 : Operation 135 [1/1] (0.00ns)   --->   "%br_ln44 = br void %arrayidx.exit" [kernel.cpp:44]   --->   Operation 135 'br' 'br_ln44' <Predicate = (trunc_ln32 == 4)> <Delay = 0.00>
ST_3 : Operation 136 [1/1] (0.00ns)   --->   "%store_ln28 = store i4 %buffer_32, i4 %buffer_3" [kernel.cpp:28]   --->   Operation 136 'store' 'store_ln28' <Predicate = (trunc_ln32 == 3)> <Delay = 0.00>
ST_3 : Operation 137 [1/1] (0.00ns)   --->   "%br_ln44 = br void %arrayidx.exit" [kernel.cpp:44]   --->   Operation 137 'br' 'br_ln44' <Predicate = (trunc_ln32 == 3)> <Delay = 0.00>
ST_3 : Operation 138 [1/1] (0.00ns)   --->   "%store_ln28 = store i4 %buffer_32, i4 %buffer_2" [kernel.cpp:28]   --->   Operation 138 'store' 'store_ln28' <Predicate = (trunc_ln32 == 2)> <Delay = 0.00>
ST_3 : Operation 139 [1/1] (0.00ns)   --->   "%br_ln44 = br void %arrayidx.exit" [kernel.cpp:44]   --->   Operation 139 'br' 'br_ln44' <Predicate = (trunc_ln32 == 2)> <Delay = 0.00>
ST_3 : Operation 140 [1/1] (0.00ns)   --->   "%store_ln28 = store i4 %buffer_32, i4 %buffer_1" [kernel.cpp:28]   --->   Operation 140 'store' 'store_ln28' <Predicate = (trunc_ln32 == 1)> <Delay = 0.00>
ST_3 : Operation 141 [1/1] (0.00ns)   --->   "%br_ln44 = br void %arrayidx.exit" [kernel.cpp:44]   --->   Operation 141 'br' 'br_ln44' <Predicate = (trunc_ln32 == 1)> <Delay = 0.00>
ST_3 : Operation 142 [1/1] (0.00ns)   --->   "%store_ln28 = store i4 %buffer_32, i4 %buffer" [kernel.cpp:28]   --->   Operation 142 'store' 'store_ln28' <Predicate = (trunc_ln32 == 0)> <Delay = 0.00>
ST_3 : Operation 143 [1/1] (0.00ns)   --->   "%br_ln44 = br void %arrayidx.exit" [kernel.cpp:44]   --->   Operation 143 'br' 'br_ln44' <Predicate = (trunc_ln32 == 0)> <Delay = 0.00>
ST_3 : Operation 144 [1/1] (0.00ns)   --->   "%store_ln28 = store i4 %buffer_32, i4 %buffer_31" [kernel.cpp:28]   --->   Operation 144 'store' 'store_ln28' <Predicate = (trunc_ln32 == 31)> <Delay = 0.00>
ST_3 : Operation 145 [1/1] (0.00ns)   --->   "%br_ln44 = br void %arrayidx.exit" [kernel.cpp:44]   --->   Operation 145 'br' 'br_ln44' <Predicate = (trunc_ln32 == 31)> <Delay = 0.00>


============================================================
+ Verbose Summary: Binding
============================================================
STG Binding: 
---------------- STG Properties BEGIN ----------------
- Is combinational: 0
- Is one-state seq: 0
- Is datapath-only: 0
- Is pipelined: 0
- Is top level: 0
Port [ Return ] is wired: 1; IO mode=ap_ctrl_hs:ce=0
Port [ in_stream_V_data_V]:  wired=1; compound=1; hidden=0; nouse=0; global=0; static=0; extern=0; dir=0; type=0; pingpong=0; private_global=0; IO mode=axis:ce=0
Port [ in_stream_V_keep_V]:  wired=1; compound=1; hidden=0; nouse=0; global=0; static=0; extern=0; dir=0; type=0; pingpong=0; private_global=0; IO mode=axis:ce=0
Port [ in_stream_V_strb_V]:  wired=1; compound=1; hidden=0; nouse=0; global=0; static=0; extern=0; dir=0; type=0; pingpong=0; private_global=0; IO mode=axis:ce=0
Port [ in_stream_V_last_V]:  wired=1; compound=1; hidden=0; nouse=0; global=0; static=0; extern=0; dir=0; type=0; pingpong=0; private_global=0; IO mode=axis:ce=0
Port [ buffer_31_out]:  wired=1; compound=0; hidden=0; nouse=0; global=0; static=0; extern=0; dir=1; type=0; pingpong=0; private_global=0; IO mode=ap_vld:ce=0
Port [ buffer_30_out]:  wired=1; compound=0; hidden=0; nouse=0; global=0; static=0; extern=0; dir=1; type=0; pingpong=0; private_global=0; IO mode=ap_vld:ce=0
Port [ buffer_29_out]:  wired=1; compound=0; hidden=0; nouse=0; global=0; static=0; extern=0; dir=1; type=0; pingpong=0; private_global=0; IO mode=ap_vld:ce=0
Port [ buffer_28_out]:  wired=1; compound=0; hidden=0; nouse=0; global=0; static=0; extern=0; dir=1; type=0; pingpong=0; private_global=0; IO mode=ap_vld:ce=0
Port [ buffer_27_out]:  wired=1; compound=0; hidden=0; nouse=0; global=0; static=0; extern=0; dir=1; type=0; pingpong=0; private_global=0; IO mode=ap_vld:ce=0
Port [ buffer_26_out]:  wired=1; compound=0; hidden=0; nouse=0; global=0; static=0; extern=0; dir=1; type=0; pingpong=0; private_global=0; IO mode=ap_vld:ce=0
Port [ buffer_25_out]:  wired=1; compound=0; hidden=0; nouse=0; global=0; static=0; extern=0; dir=1; type=0; pingpong=0; private_global=0; IO mode=ap_vld:ce=0
Port [ buffer_24_out]:  wired=1; compound=0; hidden=0; nouse=0; global=0; static=0; extern=0; dir=1; type=0; pingpong=0; private_global=0; IO mode=ap_vld:ce=0
Port [ buffer_23_out]:  wired=1; compound=0; hidden=0; nouse=0; global=0; static=0; extern=0; dir=1; type=0; pingpong=0; private_global=0; IO mode=ap_vld:ce=0
Port [ buffer_22_out]:  wired=1; compound=0; hidden=0; nouse=0; global=0; static=0; extern=0; dir=1; type=0; pingpong=0; private_global=0; IO mode=ap_vld:ce=0
Port [ buffer_21_out]:  wired=1; compound=0; hidden=0; nouse=0; global=0; static=0; extern=0; dir=1; type=0; pingpong=0; private_global=0; IO mode=ap_vld:ce=0
Port [ buffer_20_out]:  wired=1; compound=0; hidden=0; nouse=0; global=0; static=0; extern=0; dir=1; type=0; pingpong=0; private_global=0; IO mode=ap_vld:ce=0
Port [ buffer_19_out]:  wired=1; compound=0; hidden=0; nouse=0; global=0; static=0; extern=0; dir=1; type=0; pingpong=0; private_global=0; IO mode=ap_vld:ce=0
Port [ buffer_18_out]:  wired=1; compound=0; hidden=0; nouse=0; global=0; static=0; extern=0; dir=1; type=0; pingpong=0; private_global=0; IO mode=ap_vld:ce=0
Port [ buffer_17_out]:  wired=1; compound=0; hidden=0; nouse=0; global=0; static=0; extern=0; dir=1; type=0; pingpong=0; private_global=0; IO mode=ap_vld:ce=0
Port [ buffer_16_out]:  wired=1; compound=0; hidden=0; nouse=0; global=0; static=0; extern=0; dir=1; type=0; pingpong=0; private_global=0; IO mode=ap_vld:ce=0
Port [ buffer_15_out]:  wired=1; compound=0; hidden=0; nouse=0; global=0; static=0; extern=0; dir=1; type=0; pingpong=0; private_global=0; IO mode=ap_vld:ce=0
Port [ buffer_14_out]:  wired=1; compound=0; hidden=0; nouse=0; global=0; static=0; extern=0; dir=1; type=0; pingpong=0; private_global=0; IO mode=ap_vld:ce=0
Port [ buffer_13_out]:  wired=1; compound=0; hidden=0; nouse=0; global=0; static=0; extern=0; dir=1; type=0; pingpong=0; private_global=0; IO mode=ap_vld:ce=0
Port [ buffer_12_out]:  wired=1; compound=0; hidden=0; nouse=0; global=0; static=0; extern=0; dir=1; type=0; pingpong=0; private_global=0; IO mode=ap_vld:ce=0
Port [ buffer_11_out]:  wired=1; compound=0; hidden=0; nouse=0; global=0; static=0; extern=0; dir=1; type=0; pingpong=0; private_global=0; IO mode=ap_vld:ce=0
Port [ buffer_10_out]:  wired=1; compound=0; hidden=0; nouse=0; global=0; static=0; extern=0; dir=1; type=0; pingpong=0; private_global=0; IO mode=ap_vld:ce=0
Port [ buffer_9_out]:  wired=1; compound=0; hidden=0; nouse=0; global=0; static=0; extern=0; dir=1; type=0; pingpong=0; private_global=0; IO mode=ap_vld:ce=0
Port [ buffer_8_out]:  wired=1; compound=0; hidden=0; nouse=0; global=0; static=0; extern=0; dir=1; type=0; pingpong=0; private_global=0; IO mode=ap_vld:ce=0
Port [ buffer_7_out]:  wired=1; compound=0; hidden=0; nouse=0; global=0; static=0; extern=0; dir=1; type=0; pingpong=0; private_global=0; IO mode=ap_vld:ce=0
Port [ buffer_6_out]:  wired=1; compound=0; hidden=0; nouse=0; global=0; static=0; extern=0; dir=1; type=0; pingpong=0; private_global=0; IO mode=ap_vld:ce=0
Port [ buffer_5_out]:  wired=1; compound=0; hidden=0; nouse=0; global=0; static=0; extern=0; dir=1; type=0; pingpong=0; private_global=0; IO mode=ap_vld:ce=0
Port [ buffer_4_out]:  wired=1; compound=0; hidden=0; nouse=0; global=0; static=0; extern=0; dir=1; type=0; pingpong=0; private_global=0; IO mode=ap_vld:ce=0
Port [ buffer_3_out]:  wired=1; compound=0; hidden=0; nouse=0; global=0; static=0; extern=0; dir=1; type=0; pingpong=0; private_global=0; IO mode=ap_vld:ce=0
Port [ buffer_2_out]:  wired=1; compound=0; hidden=0; nouse=0; global=0; static=0; extern=0; dir=1; type=0; pingpong=0; private_global=0; IO mode=ap_vld:ce=0
Port [ buffer_1_out]:  wired=1; compound=0; hidden=0; nouse=0; global=0; static=0; extern=0; dir=1; type=0; pingpong=0; private_global=0; IO mode=ap_vld:ce=0
Port [ buffer_out]:  wired=1; compound=0; hidden=0; nouse=0; global=0; static=0; extern=0; dir=1; type=0; pingpong=0; private_global=0; IO mode=ap_vld:ce=0
---------------- STG Properties END ------------------

---------------- Datapath Model BEGIN ----------------

<LifeTime>
<method=bitvector/>
j                       (alloca             ) [ 0100]
buffer                  (alloca             ) [ 0111]
buffer_1                (alloca             ) [ 0111]
buffer_2                (alloca             ) [ 0111]
buffer_3                (alloca             ) [ 0111]
buffer_4                (alloca             ) [ 0111]
buffer_5                (alloca             ) [ 0111]
buffer_6                (alloca             ) [ 0111]
buffer_7                (alloca             ) [ 0111]
buffer_8                (alloca             ) [ 0111]
buffer_9                (alloca             ) [ 0111]
buffer_10               (alloca             ) [ 0111]
buffer_11               (alloca             ) [ 0111]
buffer_12               (alloca             ) [ 0111]
buffer_13               (alloca             ) [ 0111]
buffer_14               (alloca             ) [ 0111]
buffer_15               (alloca             ) [ 0111]
buffer_16               (alloca             ) [ 0111]
buffer_17               (alloca             ) [ 0111]
buffer_18               (alloca             ) [ 0111]
buffer_19               (alloca             ) [ 0111]
buffer_20               (alloca             ) [ 0111]
buffer_21               (alloca             ) [ 0111]
buffer_22               (alloca             ) [ 0111]
buffer_23               (alloca             ) [ 0111]
buffer_24               (alloca             ) [ 0111]
buffer_25               (alloca             ) [ 0111]
buffer_26               (alloca             ) [ 0111]
buffer_27               (alloca             ) [ 0111]
buffer_28               (alloca             ) [ 0111]
buffer_29               (alloca             ) [ 0111]
buffer_30               (alloca             ) [ 0111]
buffer_31               (alloca             ) [ 0111]
specaxissidechannel_ln0 (specaxissidechannel) [ 0000]
specinterface_ln0       (specinterface      ) [ 0000]
store_ln32              (store              ) [ 0000]
br_ln32                 (br                 ) [ 0000]
j_1                     (load               ) [ 0000]
icmp_ln32               (icmp               ) [ 0110]
add_ln32                (add                ) [ 0000]
br_ln32                 (br                 ) [ 0000]
trunc_ln32              (trunc              ) [ 0111]
empty                   (read               ) [ 0000]
f_p_data                (extractvalue       ) [ 0000]
xs_sign                 (bitselect          ) [ 0110]
xs_exp                  (partselect         ) [ 0000]
trunc_ln342             (trunc              ) [ 0110]
zext_ln317              (zext               ) [ 0000]
add_ln317               (add                ) [ 0000]
tmp                     (bitselect          ) [ 0110]
sub_ln18                (sub                ) [ 0000]
sext_ln18               (sext               ) [ 0000]
select_ln18             (select             ) [ 0110]
switch_ln44             (switch             ) [ 0000]
store_ln32              (store              ) [ 0000]
br_ln32                 (br                 ) [ 0000]
mantissa                (bitconcatenate     ) [ 0000]
zext_ln15               (zext               ) [ 0000]
sext_ln18_1             (sext               ) [ 0000]
zext_ln18               (zext               ) [ 0000]
lshr_ln18               (lshr               ) [ 0000]
shl_ln18                (shl                ) [ 0000]
tmp_3                   (partselect         ) [ 0000]
tmp_4                   (partselect         ) [ 0000]
val                     (select             ) [ 0000]
sub_ln59                (sub                ) [ 0000]
result                  (select             ) [ 0101]
tmp_1                   (partselect         ) [ 0101]
specpipeline_ln33       (specpipeline       ) [ 0000]
speclooptripcount_ln28  (speclooptripcount  ) [ 0000]
specloopname_ln32       (specloopname       ) [ 0000]
icmp_ln41               (icmp               ) [ 0000]
i8_1                    (select             ) [ 0000]
icmp_ln42               (icmp               ) [ 0000]
trunc_ln44              (trunc              ) [ 0000]
buffer_32               (select             ) [ 0000]
store_ln28              (store              ) [ 0000]
br_ln44                 (br                 ) [ 0000]
store_ln28              (store              ) [ 0000]
br_ln44                 (br                 ) [ 0000]
store_ln28              (store              ) [ 0000]
br_ln44                 (br                 ) [ 0000]
store_ln28              (store              ) [ 0000]
br_ln44                 (br                 ) [ 0000]
store_ln28              (store              ) [ 0000]
br_ln44                 (br                 ) [ 0000]
store_ln28              (store              ) [ 0000]
br_ln44                 (br                 ) [ 0000]
store_ln28              (store              ) [ 0000]
br_ln44                 (br                 ) [ 0000]
store_ln28              (store              ) [ 0000]
br_ln44                 (br                 ) [ 0000]
store_ln28              (store              ) [ 0000]
br_ln44                 (br                 ) [ 0000]
store_ln28              (store              ) [ 0000]
br_ln44                 (br                 ) [ 0000]
store_ln28              (store              ) [ 0000]
br_ln44                 (br                 ) [ 0000]
store_ln28              (store              ) [ 0000]
br_ln44                 (br                 ) [ 0000]
store_ln28              (store              ) [ 0000]
br_ln44                 (br                 ) [ 0000]
store_ln28              (store              ) [ 0000]
br_ln44                 (br                 ) [ 0000]
store_ln28              (store              ) [ 0000]
br_ln44                 (br                 ) [ 0000]
store_ln28              (store              ) [ 0000]
br_ln44                 (br                 ) [ 0000]
store_ln28              (store              ) [ 0000]
br_ln44                 (br                 ) [ 0000]
store_ln28              (store              ) [ 0000]
br_ln44                 (br                 ) [ 0000]
store_ln28              (store              ) [ 0000]
br_ln44                 (br                 ) [ 0000]
store_ln28              (store              ) [ 0000]
br_ln44                 (br                 ) [ 0000]
store_ln28              (store              ) [ 0000]
br_ln44                 (br                 ) [ 0000]
store_ln28              (store              ) [ 0000]
br_ln44                 (br                 ) [ 0000]
store_ln28              (store              ) [ 0000]
br_ln44                 (br                 ) [ 0000]
store_ln28              (store              ) [ 0000]
br_ln44                 (br                 ) [ 0000]
store_ln28              (store              ) [ 0000]
br_ln44                 (br                 ) [ 0000]
store_ln28              (store              ) [ 0000]
br_ln44                 (br                 ) [ 0000]
store_ln28              (store              ) [ 0000]
br_ln44                 (br                 ) [ 0000]
store_ln28              (store              ) [ 0000]
br_ln44                 (br                 ) [ 0000]
store_ln28              (store              ) [ 0000]
br_ln44                 (br                 ) [ 0000]
store_ln28              (store              ) [ 0000]
br_ln44                 (br                 ) [ 0000]
store_ln28              (store              ) [ 0000]
br_ln44                 (br                 ) [ 0000]
store_ln28              (store              ) [ 0000]
br_ln44                 (br                 ) [ 0000]
buffer_load             (load               ) [ 0000]
buffer_1_load           (load               ) [ 0000]
buffer_2_load           (load               ) [ 0000]
buffer_3_load           (load               ) [ 0000]
buffer_4_load           (load               ) [ 0000]
buffer_5_load           (load               ) [ 0000]
buffer_6_load           (load               ) [ 0000]
buffer_7_load           (load               ) [ 0000]
buffer_8_load           (load               ) [ 0000]
buffer_9_load           (load               ) [ 0000]
buffer_10_load          (load               ) [ 0000]
buffer_11_load          (load               ) [ 0000]
buffer_12_load          (load               ) [ 0000]
buffer_13_load          (load               ) [ 0000]
buffer_14_load          (load               ) [ 0000]
buffer_15_load          (load               ) [ 0000]
buffer_16_load          (load               ) [ 0000]
buffer_17_load          (load               ) [ 0000]
buffer_18_load          (load               ) [ 0000]
buffer_19_load          (load               ) [ 0000]
buffer_20_load          (load               ) [ 0000]
buffer_21_load          (load               ) [ 0000]
buffer_22_load          (load               ) [ 0000]
buffer_23_load          (load               ) [ 0000]
buffer_24_load          (load               ) [ 0000]
buffer_25_load          (load               ) [ 0000]
buffer_26_load          (load               ) [ 0000]
buffer_27_load          (load               ) [ 0000]
buffer_28_load          (load               ) [ 0000]
buffer_29_load          (load               ) [ 0000]
buffer_30_load          (load               ) [ 0000]
buffer_31_load          (load               ) [ 0000]
write_ln0               (write              ) [ 0000]
write_ln0               (write              ) [ 0000]
write_ln0               (write              ) [ 0000]
write_ln0               (write              ) [ 0000]
write_ln0               (write              ) [ 0000]
write_ln0               (write              ) [ 0000]
write_ln0               (write              ) [ 0000]
write_ln0               (write              ) [ 0000]
write_ln0               (write              ) [ 0000]
write_ln0               (write              ) [ 0000]
write_ln0               (write              ) [ 0000]
write_ln0               (write              ) [ 0000]
write_ln0               (write              ) [ 0000]
write_ln0               (write              ) [ 0000]
write_ln0               (write              ) [ 0000]
write_ln0               (write              ) [ 0000]
write_ln0               (write              ) [ 0000]
write_ln0               (write              ) [ 0000]
write_ln0               (write              ) [ 0000]
write_ln0               (write              ) [ 0000]
write_ln0               (write              ) [ 0000]
write_ln0               (write              ) [ 0000]
write_ln0               (write              ) [ 0000]
write_ln0               (write              ) [ 0000]
write_ln0               (write              ) [ 0000]
write_ln0               (write              ) [ 0000]
write_ln0               (write              ) [ 0000]
write_ln0               (write              ) [ 0000]
write_ln0               (write              ) [ 0000]
write_ln0               (write              ) [ 0000]
write_ln0               (write              ) [ 0000]
write_ln0               (write              ) [ 0000]
ret_ln0                 (ret                ) [ 0000]
</LifeTime>

<model>

<comp_list>
<comp id="0" class="1000" name="in_stream_V_data_V">
<pin_list>
<pin id="1" dir="1" index="0" bw="1" slack="0"/>
</pin_list>
<bind>
<StgValue><ssdm name="in_stream_V_data_V"/></StgValue>
</bind>
</comp>

<comp id="2" class="1000" name="in_stream_V_keep_V">
<pin_list>
<pin id="3" dir="1" index="0" bw="1" slack="0"/>
</pin_list>
<bind>
<StgValue><ssdm name="in_stream_V_keep_V"/></StgValue>
</bind>
</comp>

<comp id="4" class="1000" name="in_stream_V_strb_V">
<pin_list>
<pin id="5" dir="1" index="0" bw="1" slack="0"/>
</pin_list>
<bind>
<StgValue><ssdm name="in_stream_V_strb_V"/></StgValue>
</bind>
</comp>

<comp id="6" class="1000" name="in_stream_V_last_V">
<pin_list>
<pin id="7" dir="1" index="0" bw="1" slack="0"/>
</pin_list>
<bind>
<StgValue><ssdm name="in_stream_V_last_V"/></StgValue>
</bind>
</comp>

<comp id="8" class="1000" name="buffer_31_out">
<pin_list>
<pin id="9" dir="1" index="0" bw="1" slack="0"/>
</pin_list>
<bind>
<StgValue><ssdm name="buffer_31_out"/></StgValue>
</bind>
</comp>

<comp id="10" class="1000" name="buffer_30_out">
<pin_list>
<pin id="11" dir="1" index="0" bw="1" slack="0"/>
</pin_list>
<bind>
<StgValue><ssdm name="buffer_30_out"/></StgValue>
</bind>
</comp>

<comp id="12" class="1000" name="buffer_29_out">
<pin_list>
<pin id="13" dir="1" index="0" bw="1" slack="0"/>
</pin_list>
<bind>
<StgValue><ssdm name="buffer_29_out"/></StgValue>
</bind>
</comp>

<comp id="14" class="1000" name="buffer_28_out">
<pin_list>
<pin id="15" dir="1" index="0" bw="1" slack="0"/>
</pin_list>
<bind>
<StgValue><ssdm name="buffer_28_out"/></StgValue>
</bind>
</comp>

<comp id="16" class="1000" name="buffer_27_out">
<pin_list>
<pin id="17" dir="1" index="0" bw="1" slack="0"/>
</pin_list>
<bind>
<StgValue><ssdm name="buffer_27_out"/></StgValue>
</bind>
</comp>

<comp id="18" class="1000" name="buffer_26_out">
<pin_list>
<pin id="19" dir="1" index="0" bw="1" slack="0"/>
</pin_list>
<bind>
<StgValue><ssdm name="buffer_26_out"/></StgValue>
</bind>
</comp>

<comp id="20" class="1000" name="buffer_25_out">
<pin_list>
<pin id="21" dir="1" index="0" bw="1" slack="0"/>
</pin_list>
<bind>
<StgValue><ssdm name="buffer_25_out"/></StgValue>
</bind>
</comp>

<comp id="22" class="1000" name="buffer_24_out">
<pin_list>
<pin id="23" dir="1" index="0" bw="1" slack="0"/>
</pin_list>
<bind>
<StgValue><ssdm name="buffer_24_out"/></StgValue>
</bind>
</comp>

<comp id="24" class="1000" name="buffer_23_out">
<pin_list>
<pin id="25" dir="1" index="0" bw="1" slack="0"/>
</pin_list>
<bind>
<StgValue><ssdm name="buffer_23_out"/></StgValue>
</bind>
</comp>

<comp id="26" class="1000" name="buffer_22_out">
<pin_list>
<pin id="27" dir="1" index="0" bw="1" slack="0"/>
</pin_list>
<bind>
<StgValue><ssdm name="buffer_22_out"/></StgValue>
</bind>
</comp>

<comp id="28" class="1000" name="buffer_21_out">
<pin_list>
<pin id="29" dir="1" index="0" bw="1" slack="0"/>
</pin_list>
<bind>
<StgValue><ssdm name="buffer_21_out"/></StgValue>
</bind>
</comp>

<comp id="30" class="1000" name="buffer_20_out">
<pin_list>
<pin id="31" dir="1" index="0" bw="1" slack="0"/>
</pin_list>
<bind>
<StgValue><ssdm name="buffer_20_out"/></StgValue>
</bind>
</comp>

<comp id="32" class="1000" name="buffer_19_out">
<pin_list>
<pin id="33" dir="1" index="0" bw="1" slack="0"/>
</pin_list>
<bind>
<StgValue><ssdm name="buffer_19_out"/></StgValue>
</bind>
</comp>

<comp id="34" class="1000" name="buffer_18_out">
<pin_list>
<pin id="35" dir="1" index="0" bw="1" slack="0"/>
</pin_list>
<bind>
<StgValue><ssdm name="buffer_18_out"/></StgValue>
</bind>
</comp>

<comp id="36" class="1000" name="buffer_17_out">
<pin_list>
<pin id="37" dir="1" index="0" bw="1" slack="0"/>
</pin_list>
<bind>
<StgValue><ssdm name="buffer_17_out"/></StgValue>
</bind>
</comp>

<comp id="38" class="1000" name="buffer_16_out">
<pin_list>
<pin id="39" dir="1" index="0" bw="1" slack="0"/>
</pin_list>
<bind>
<StgValue><ssdm name="buffer_16_out"/></StgValue>
</bind>
</comp>

<comp id="40" class="1000" name="buffer_15_out">
<pin_list>
<pin id="41" dir="1" index="0" bw="1" slack="0"/>
</pin_list>
<bind>
<StgValue><ssdm name="buffer_15_out"/></StgValue>
</bind>
</comp>

<comp id="42" class="1000" name="buffer_14_out">
<pin_list>
<pin id="43" dir="1" index="0" bw="1" slack="0"/>
</pin_list>
<bind>
<StgValue><ssdm name="buffer_14_out"/></StgValue>
</bind>
</comp>

<comp id="44" class="1000" name="buffer_13_out">
<pin_list>
<pin id="45" dir="1" index="0" bw="1" slack="0"/>
</pin_list>
<bind>
<StgValue><ssdm name="buffer_13_out"/></StgValue>
</bind>
</comp>

<comp id="46" class="1000" name="buffer_12_out">
<pin_list>
<pin id="47" dir="1" index="0" bw="1" slack="0"/>
</pin_list>
<bind>
<StgValue><ssdm name="buffer_12_out"/></StgValue>
</bind>
</comp>

<comp id="48" class="1000" name="buffer_11_out">
<pin_list>
<pin id="49" dir="1" index="0" bw="1" slack="0"/>
</pin_list>
<bind>
<StgValue><ssdm name="buffer_11_out"/></StgValue>
</bind>
</comp>

<comp id="50" class="1000" name="buffer_10_out">
<pin_list>
<pin id="51" dir="1" index="0" bw="1" slack="0"/>
</pin_list>
<bind>
<StgValue><ssdm name="buffer_10_out"/></StgValue>
</bind>
</comp>

<comp id="52" class="1000" name="buffer_9_out">
<pin_list>
<pin id="53" dir="1" index="0" bw="1" slack="0"/>
</pin_list>
<bind>
<StgValue><ssdm name="buffer_9_out"/></StgValue>
</bind>
</comp>

<comp id="54" class="1000" name="buffer_8_out">
<pin_list>
<pin id="55" dir="1" index="0" bw="1" slack="0"/>
</pin_list>
<bind>
<StgValue><ssdm name="buffer_8_out"/></StgValue>
</bind>
</comp>

<comp id="56" class="1000" name="buffer_7_out">
<pin_list>
<pin id="57" dir="1" index="0" bw="1" slack="0"/>
</pin_list>
<bind>
<StgValue><ssdm name="buffer_7_out"/></StgValue>
</bind>
</comp>

<comp id="58" class="1000" name="buffer_6_out">
<pin_list>
<pin id="59" dir="1" index="0" bw="1" slack="0"/>
</pin_list>
<bind>
<StgValue><ssdm name="buffer_6_out"/></StgValue>
</bind>
</comp>

<comp id="60" class="1000" name="buffer_5_out">
<pin_list>
<pin id="61" dir="1" index="0" bw="1" slack="0"/>
</pin_list>
<bind>
<StgValue><ssdm name="buffer_5_out"/></StgValue>
</bind>
</comp>

<comp id="62" class="1000" name="buffer_4_out">
<pin_list>
<pin id="63" dir="1" index="0" bw="1" slack="0"/>
</pin_list>
<bind>
<StgValue><ssdm name="buffer_4_out"/></StgValue>
</bind>
</comp>

<comp id="64" class="1000" name="buffer_3_out">
<pin_list>
<pin id="65" dir="1" index="0" bw="1" slack="0"/>
</pin_list>
<bind>
<StgValue><ssdm name="buffer_3_out"/></StgValue>
</bind>
</comp>

<comp id="66" class="1000" name="buffer_2_out">
<pin_list>
<pin id="67" dir="1" index="0" bw="1" slack="0"/>
</pin_list>
<bind>
<StgValue><ssdm name="buffer_2_out"/></StgValue>
</bind>
</comp>

<comp id="68" class="1000" name="buffer_1_out">
<pin_list>
<pin id="69" dir="1" index="0" bw="1" slack="0"/>
</pin_list>
<bind>
<StgValue><ssdm name="buffer_1_out"/></StgValue>
</bind>
</comp>

<comp id="70" class="1000" name="buffer_out">
<pin_list>
<pin id="71" dir="1" index="0" bw="1" slack="0"/>
</pin_list>
<bind>
<StgValue><ssdm name="buffer_out"/></StgValue>
</bind>
</comp>

<comp id="72" class="1001" name="const_72">
<pin_list>
<pin id="73" dir="1" index="0" bw="1" slack="0"/>
</pin_list>
<bind>
<StgValue><ssdm name=""/></StgValue>
</bind>
</comp>

<comp id="74" class="1001" name="const_74">
<pin_list>
<pin id="75" dir="1" index="0" bw="1" slack="2147483647"/>
</pin_list>
<bind>
<StgValue><ssdm name="_ssdm_op_SpecAXISSideChannel"/></StgValue>
</bind>
</comp>

<comp id="76" class="1001" name="const_76">
<pin_list>
<pin id="77" dir="1" index="0" bw="1" slack="2147483647"/>
</pin_list>
<bind>
<StgValue><ssdm name=""/></StgValue>
</bind>
</comp>

<comp id="78" class="1001" name="const_78">
<pin_list>
<pin id="79" dir="1" index="0" bw="1" slack="2147483647"/>
</pin_list>
<bind>
<StgValue><ssdm name="empty_7"/></StgValue>
</bind>
</comp>

<comp id="80" class="1001" name="const_80">
<pin_list>
<pin id="81" dir="1" index="0" bw="1" slack="2147483647"/>
</pin_list>
<bind>
<StgValue><ssdm name="_ssdm_op_SpecInterface"/></StgValue>
</bind>
</comp>

<comp id="82" class="1001" name="const_82">
<pin_list>
<pin id="83" dir="1" index="0" bw="1" slack="2147483647"/>
</pin_list>
<bind>
<StgValue><ssdm name="empty"/></StgValue>
</bind>
</comp>

<comp id="84" class="1001" name="const_84">
<pin_list>
<pin id="85" dir="1" index="0" bw="1" slack="2147483647"/>
</pin_list>
<bind>
<StgValue><ssdm name=""/></StgValue>
</bind>
</comp>

<comp id="86" class="1001" name="const_86">
<pin_list>
<pin id="87" dir="1" index="0" bw="1" slack="2147483647"/>
</pin_list>
<bind>
<StgValue><ssdm name="empty_0"/></StgValue>
</bind>
</comp>

<comp id="88" class="1001" name="const_88">
<pin_list>
<pin id="89" dir="1" index="0" bw="1" slack="2147483647"/>
</pin_list>
<bind>
<StgValue><ssdm name="empty_1"/></StgValue>
</bind>
</comp>

<comp id="90" class="1001" name="const_90">
<pin_list>
<pin id="91" dir="1" index="0" bw="1" slack="2147483647"/>
</pin_list>
<bind>
<StgValue><ssdm name=""/></StgValue>
</bind>
</comp>

<comp id="92" class="1001" name="const_92">
<pin_list>
<pin id="93" dir="1" index="0" bw="1" slack="0"/>
</pin_list>
<bind>
<StgValue><ssdm name=""/></StgValue>
</bind>
</comp>

<comp id="94" class="1001" name="const_94">
<pin_list>
<pin id="95" dir="1" index="0" bw="1" slack="0"/>
</pin_list>
<bind>
<StgValue><ssdm name=""/></StgValue>
</bind>
</comp>

<comp id="96" class="1001" name="const_96">
<pin_list>
<pin id="97" dir="1" index="0" bw="1" slack="0"/>
</pin_list>
<bind>
<StgValue><ssdm name=""/></StgValue>
</bind>
</comp>

<comp id="98" class="1001" name="const_98">
<pin_list>
<pin id="99" dir="1" index="0" bw="1" slack="0"/>
</pin_list>
<bind>
<StgValue><ssdm name="_ssdm_op_Read.axis.volatile.i32P0A.i4P0A.i4P0A.i1P0A"/></StgValue>
</bind>
</comp>

<comp id="100" class="1001" name="const_100">
<pin_list>
<pin id="101" dir="1" index="0" bw="1" slack="0"/>
</pin_list>
<bind>
<StgValue><ssdm name="_ssdm_op_BitSelect.i1.i32.i32"/></StgValue>
</bind>
</comp>

<comp id="102" class="1001" name="const_102">
<pin_list>
<pin id="103" dir="1" index="0" bw="1" slack="0"/>
</pin_list>
<bind>
<StgValue><ssdm name=""/></StgValue>
</bind>
</comp>

<comp id="104" class="1001" name="const_104">
<pin_list>
<pin id="105" dir="1" index="0" bw="1" slack="0"/>
</pin_list>
<bind>
<StgValue><ssdm name="_ssdm_op_PartSelect.i8.i32.i32.i32"/></StgValue>
</bind>
</comp>

<comp id="106" class="1001" name="const_106">
<pin_list>
<pin id="107" dir="1" index="0" bw="1" slack="0"/>
</pin_list>
<bind>
<StgValue><ssdm name=""/></StgValue>
</bind>
</comp>

<comp id="108" class="1001" name="const_108">
<pin_list>
<pin id="109" dir="1" index="0" bw="1" slack="0"/>
</pin_list>
<bind>
<StgValue><ssdm name=""/></StgValue>
</bind>
</comp>

<comp id="110" class="1001" name="const_110">
<pin_list>
<pin id="111" dir="1" index="0" bw="1" slack="0"/>
</pin_list>
<bind>
<StgValue><ssdm name=""/></StgValue>
</bind>
</comp>

<comp id="112" class="1001" name="const_112">
<pin_list>
<pin id="113" dir="1" index="0" bw="1" slack="0"/>
</pin_list>
<bind>
<StgValue><ssdm name="_ssdm_op_BitSelect.i1.i9.i32"/></StgValue>
</bind>
</comp>

<comp id="114" class="1001" name="const_114">
<pin_list>
<pin id="115" dir="1" index="0" bw="1" slack="0"/>
</pin_list>
<bind>
<StgValue><ssdm name=""/></StgValue>
</bind>
</comp>

<comp id="116" class="1001" name="const_116">
<pin_list>
<pin id="117" dir="1" index="0" bw="1" slack="0"/>
</pin_list>
<bind>
<StgValue><ssdm name=""/></StgValue>
</bind>
</comp>

<comp id="118" class="1001" name="const_118">
<pin_list>
<pin id="119" dir="1" index="0" bw="1" slack="0"/>
</pin_list>
<bind>
<StgValue><ssdm name=""/></StgValue>
</bind>
</comp>

<comp id="120" class="1001" name="const_120">
<pin_list>
<pin id="121" dir="1" index="0" bw="1" slack="2147483647"/>
</pin_list>
<bind>
<StgValue><ssdm name=""/></StgValue>
</bind>
</comp>

<comp id="122" class="1001" name="const_122">
<pin_list>
<pin id="123" dir="1" index="0" bw="1" slack="2147483647"/>
</pin_list>
<bind>
<StgValue><ssdm name=""/></StgValue>
</bind>
</comp>

<comp id="124" class="1001" name="const_124">
<pin_list>
<pin id="125" dir="1" index="0" bw="1" slack="2147483647"/>
</pin_list>
<bind>
<StgValue><ssdm name=""/></StgValue>
</bind>
</comp>

<comp id="126" class="1001" name="const_126">
<pin_list>
<pin id="127" dir="1" index="0" bw="1" slack="2147483647"/>
</pin_list>
<bind>
<StgValue><ssdm name=""/></StgValue>
</bind>
</comp>

<comp id="128" class="1001" name="const_128">
<pin_list>
<pin id="129" dir="1" index="0" bw="1" slack="2147483647"/>
</pin_list>
<bind>
<StgValue><ssdm name=""/></StgValue>
</bind>
</comp>

<comp id="130" class="1001" name="const_130">
<pin_list>
<pin id="131" dir="1" index="0" bw="1" slack="2147483647"/>
</pin_list>
<bind>
<StgValue><ssdm name=""/></StgValue>
</bind>
</comp>

<comp id="132" class="1001" name="const_132">
<pin_list>
<pin id="133" dir="1" index="0" bw="1" slack="2147483647"/>
</pin_list>
<bind>
<StgValue><ssdm name=""/></StgValue>
</bind>
</comp>

<comp id="134" class="1001" name="const_134">
<pin_list>
<pin id="135" dir="1" index="0" bw="1" slack="2147483647"/>
</pin_list>
<bind>
<StgValue><ssdm name=""/></StgValue>
</bind>
</comp>

<comp id="136" class="1001" name="const_136">
<pin_list>
<pin id="137" dir="1" index="0" bw="1" slack="2147483647"/>
</pin_list>
<bind>
<StgValue><ssdm name=""/></StgValue>
</bind>
</comp>

<comp id="138" class="1001" name="const_138">
<pin_list>
<pin id="139" dir="1" index="0" bw="1" slack="2147483647"/>
</pin_list>
<bind>
<StgValue><ssdm name=""/></StgValue>
</bind>
</comp>

<comp id="140" class="1001" name="const_140">
<pin_list>
<pin id="141" dir="1" index="0" bw="1" slack="2147483647"/>
</pin_list>
<bind>
<StgValue><ssdm name=""/></StgValue>
</bind>
</comp>

<comp id="142" class="1001" name="const_142">
<pin_list>
<pin id="143" dir="1" index="0" bw="1" slack="2147483647"/>
</pin_list>
<bind>
<StgValue><ssdm name=""/></StgValue>
</bind>
</comp>

<comp id="144" class="1001" name="const_144">
<pin_list>
<pin id="145" dir="1" index="0" bw="1" slack="2147483647"/>
</pin_list>
<bind>
<StgValue><ssdm name=""/></StgValue>
</bind>
</comp>

<comp id="146" class="1001" name="const_146">
<pin_list>
<pin id="147" dir="1" index="0" bw="1" slack="2147483647"/>
</pin_list>
<bind>
<StgValue><ssdm name=""/></StgValue>
</bind>
</comp>

<comp id="148" class="1001" name="const_148">
<pin_list>
<pin id="149" dir="1" index="0" bw="1" slack="2147483647"/>
</pin_list>
<bind>
<StgValue><ssdm name=""/></StgValue>
</bind>
</comp>

<comp id="150" class="1001" name="const_150">
<pin_list>
<pin id="151" dir="1" index="0" bw="1" slack="2147483647"/>
</pin_list>
<bind>
<StgValue><ssdm name=""/></StgValue>
</bind>
</comp>

<comp id="152" class="1001" name="const_152">
<pin_list>
<pin id="153" dir="1" index="0" bw="1" slack="2147483647"/>
</pin_list>
<bind>
<StgValue><ssdm name=""/></StgValue>
</bind>
</comp>

<comp id="154" class="1001" name="const_154">
<pin_list>
<pin id="155" dir="1" index="0" bw="1" slack="2147483647"/>
</pin_list>
<bind>
<StgValue><ssdm name=""/></StgValue>
</bind>
</comp>

<comp id="156" class="1001" name="const_156">
<pin_list>
<pin id="157" dir="1" index="0" bw="1" slack="2147483647"/>
</pin_list>
<bind>
<StgValue><ssdm name=""/></StgValue>
</bind>
</comp>

<comp id="158" class="1001" name="const_158">
<pin_list>
<pin id="159" dir="1" index="0" bw="1" slack="2147483647"/>
</pin_list>
<bind>
<StgValue><ssdm name=""/></StgValue>
</bind>
</comp>

<comp id="160" class="1001" name="const_160">
<pin_list>
<pin id="161" dir="1" index="0" bw="1" slack="2147483647"/>
</pin_list>
<bind>
<StgValue><ssdm name=""/></StgValue>
</bind>
</comp>

<comp id="162" class="1001" name="const_162">
<pin_list>
<pin id="163" dir="1" index="0" bw="1" slack="2147483647"/>
</pin_list>
<bind>
<StgValue><ssdm name=""/></StgValue>
</bind>
</comp>

<comp id="164" class="1001" name="const_164">
<pin_list>
<pin id="165" dir="1" index="0" bw="1" slack="2147483647"/>
</pin_list>
<bind>
<StgValue><ssdm name=""/></StgValue>
</bind>
</comp>

<comp id="166" class="1001" name="const_166">
<pin_list>
<pin id="167" dir="1" index="0" bw="1" slack="2147483647"/>
</pin_list>
<bind>
<StgValue><ssdm name=""/></StgValue>
</bind>
</comp>

<comp id="168" class="1001" name="const_168">
<pin_list>
<pin id="169" dir="1" index="0" bw="1" slack="2147483647"/>
</pin_list>
<bind>
<StgValue><ssdm name=""/></StgValue>
</bind>
</comp>

<comp id="170" class="1001" name="const_170">
<pin_list>
<pin id="171" dir="1" index="0" bw="1" slack="2147483647"/>
</pin_list>
<bind>
<StgValue><ssdm name=""/></StgValue>
</bind>
</comp>

<comp id="172" class="1001" name="const_172">
<pin_list>
<pin id="173" dir="1" index="0" bw="1" slack="2147483647"/>
</pin_list>
<bind>
<StgValue><ssdm name=""/></StgValue>
</bind>
</comp>

<comp id="174" class="1001" name="const_174">
<pin_list>
<pin id="175" dir="1" index="0" bw="1" slack="2147483647"/>
</pin_list>
<bind>
<StgValue><ssdm name=""/></StgValue>
</bind>
</comp>

<comp id="176" class="1001" name="const_176">
<pin_list>
<pin id="177" dir="1" index="0" bw="1" slack="2147483647"/>
</pin_list>
<bind>
<StgValue><ssdm name=""/></StgValue>
</bind>
</comp>

<comp id="178" class="1001" name="const_178">
<pin_list>
<pin id="179" dir="1" index="0" bw="1" slack="2147483647"/>
</pin_list>
<bind>
<StgValue><ssdm name=""/></StgValue>
</bind>
</comp>

<comp id="180" class="1001" name="const_180">
<pin_list>
<pin id="181" dir="1" index="0" bw="1" slack="0"/>
</pin_list>
<bind>
<StgValue><ssdm name="_ssdm_op_BitConcatenate.i25.i1.i23.i1"/></StgValue>
</bind>
</comp>

<comp id="182" class="1001" name="const_182">
<pin_list>
<pin id="183" dir="1" index="0" bw="1" slack="0"/>
</pin_list>
<bind>
<StgValue><ssdm name=""/></StgValue>
</bind>
</comp>

<comp id="184" class="1001" name="const_184">
<pin_list>
<pin id="185" dir="1" index="0" bw="1" slack="0"/>
</pin_list>
<bind>
<StgValue><ssdm name=""/></StgValue>
</bind>
</comp>

<comp id="186" class="1001" name="const_186">
<pin_list>
<pin id="187" dir="1" index="0" bw="1" slack="0"/>
</pin_list>
<bind>
<StgValue><ssdm name="_ssdm_op_PartSelect.i8.i55.i32.i32"/></StgValue>
</bind>
</comp>

<comp id="188" class="1001" name="const_188">
<pin_list>
<pin id="189" dir="1" index="0" bw="1" slack="0"/>
</pin_list>
<bind>
<StgValue><ssdm name=""/></StgValue>
</bind>
</comp>

<comp id="190" class="1001" name="const_190">
<pin_list>
<pin id="191" dir="1" index="0" bw="1" slack="0"/>
</pin_list>
<bind>
<StgValue><ssdm name=""/></StgValue>
</bind>
</comp>

<comp id="192" class="1001" name="const_192">
<pin_list>
<pin id="193" dir="1" index="0" bw="1" slack="0"/>
</pin_list>
<bind>
<StgValue><ssdm name="_ssdm_op_PartSelect.i5.i8.i32.i32"/></StgValue>
</bind>
</comp>

<comp id="194" class="1001" name="const_194">
<pin_list>
<pin id="195" dir="1" index="0" bw="1" slack="0"/>
</pin_list>
<bind>
<StgValue><ssdm name=""/></StgValue>
</bind>
</comp>

<comp id="196" class="1001" name="const_196">
<pin_list>
<pin id="197" dir="1" index="0" bw="1" slack="0"/>
</pin_list>
<bind>
<StgValue><ssdm name=""/></StgValue>
</bind>
</comp>

<comp id="198" class="1001" name="const_198">
<pin_list>
<pin id="199" dir="1" index="0" bw="1" slack="2147483647"/>
</pin_list>
<bind>
<StgValue><ssdm name="_ssdm_op_SpecPipeline"/></StgValue>
</bind>
</comp>

<comp id="200" class="1001" name="const_200">
<pin_list>
<pin id="201" dir="1" index="0" bw="1" slack="2147483647"/>
</pin_list>
<bind>
<StgValue><ssdm name="_ssdm_op_SpecLoopTripCount"/></StgValue>
</bind>
</comp>

<comp id="202" class="1001" name="const_202">
<pin_list>
<pin id="203" dir="1" index="0" bw="1" slack="2147483647"/>
</pin_list>
<bind>
<StgValue><ssdm name=""/></StgValue>
</bind>
</comp>

<comp id="204" class="1001" name="const_204">
<pin_list>
<pin id="205" dir="1" index="0" bw="1" slack="2147483647"/>
</pin_list>
<bind>
<StgValue><ssdm name="_ssdm_op_SpecLoopName"/></StgValue>
</bind>
</comp>

<comp id="206" class="1001" name="const_206">
<pin_list>
<pin id="207" dir="1" index="0" bw="1" slack="2147483647"/>
</pin_list>
<bind>
<StgValue><ssdm name="empty_9"/></StgValue>
</bind>
</comp>

<comp id="208" class="1001" name="const_208">
<pin_list>
<pin id="209" dir="1" index="0" bw="1" slack="0"/>
</pin_list>
<bind>
<StgValue><ssdm name=""/></StgValue>
</bind>
</comp>

<comp id="210" class="1001" name="const_210">
<pin_list>
<pin id="211" dir="1" index="0" bw="1" slack="0"/>
</pin_list>
<bind>
<StgValue><ssdm name=""/></StgValue>
</bind>
</comp>

<comp id="212" class="1001" name="const_212">
<pin_list>
<pin id="213" dir="1" index="0" bw="1" slack="0"/>
</pin_list>
<bind>
<StgValue><ssdm name=""/></StgValue>
</bind>
</comp>

<comp id="214" class="1001" name="const_214">
<pin_list>
<pin id="215" dir="1" index="0" bw="1" slack="0"/>
</pin_list>
<bind>
<StgValue><ssdm name="_ssdm_op_Write.ap_auto.i4P0A"/></StgValue>
</bind>
</comp>

<comp id="216" class="1004" name="j_fu_216">
<pin_list>
<pin id="217" dir="0" index="0" bw="1" slack="0"/>
<pin id="218" dir="1" index="1" bw="6" slack="0"/>
</pin_list>
<bind>
<opcode="alloca(26) " fcode="alloca"/>
<opset="j/1 "/>
</bind>
</comp>

<comp id="220" class="1004" name="buffer_fu_220">
<pin_list>
<pin id="221" dir="0" index="0" bw="1" slack="0"/>
<pin id="222" dir="1" index="1" bw="4" slack="1"/>
</pin_list>
<bind>
<opcode="alloca(26) " fcode="alloca"/>
<opset="buffer/1 "/>
</bind>
</comp>

<comp id="224" class="1004" name="buffer_1_fu_224">
<pin_list>
<pin id="225" dir="0" index="0" bw="1" slack="0"/>
<pin id="226" dir="1" index="1" bw="4" slack="1"/>
</pin_list>
<bind>
<opcode="alloca(26) " fcode="alloca"/>
<opset="buffer_1/1 "/>
</bind>
</comp>

<comp id="228" class="1004" name="buffer_2_fu_228">
<pin_list>
<pin id="229" dir="0" index="0" bw="1" slack="0"/>
<pin id="230" dir="1" index="1" bw="4" slack="1"/>
</pin_list>
<bind>
<opcode="alloca(26) " fcode="alloca"/>
<opset="buffer_2/1 "/>
</bind>
</comp>

<comp id="232" class="1004" name="buffer_3_fu_232">
<pin_list>
<pin id="233" dir="0" index="0" bw="1" slack="0"/>
<pin id="234" dir="1" index="1" bw="4" slack="1"/>
</pin_list>
<bind>
<opcode="alloca(26) " fcode="alloca"/>
<opset="buffer_3/1 "/>
</bind>
</comp>

<comp id="236" class="1004" name="buffer_4_fu_236">
<pin_list>
<pin id="237" dir="0" index="0" bw="1" slack="0"/>
<pin id="238" dir="1" index="1" bw="4" slack="1"/>
</pin_list>
<bind>
<opcode="alloca(26) " fcode="alloca"/>
<opset="buffer_4/1 "/>
</bind>
</comp>

<comp id="240" class="1004" name="buffer_5_fu_240">
<pin_list>
<pin id="241" dir="0" index="0" bw="1" slack="0"/>
<pin id="242" dir="1" index="1" bw="4" slack="1"/>
</pin_list>
<bind>
<opcode="alloca(26) " fcode="alloca"/>
<opset="buffer_5/1 "/>
</bind>
</comp>

<comp id="244" class="1004" name="buffer_6_fu_244">
<pin_list>
<pin id="245" dir="0" index="0" bw="1" slack="0"/>
<pin id="246" dir="1" index="1" bw="4" slack="1"/>
</pin_list>
<bind>
<opcode="alloca(26) " fcode="alloca"/>
<opset="buffer_6/1 "/>
</bind>
</comp>

<comp id="248" class="1004" name="buffer_7_fu_248">
<pin_list>
<pin id="249" dir="0" index="0" bw="1" slack="0"/>
<pin id="250" dir="1" index="1" bw="4" slack="1"/>
</pin_list>
<bind>
<opcode="alloca(26) " fcode="alloca"/>
<opset="buffer_7/1 "/>
</bind>
</comp>

<comp id="252" class="1004" name="buffer_8_fu_252">
<pin_list>
<pin id="253" dir="0" index="0" bw="1" slack="0"/>
<pin id="254" dir="1" index="1" bw="4" slack="1"/>
</pin_list>
<bind>
<opcode="alloca(26) " fcode="alloca"/>
<opset="buffer_8/1 "/>
</bind>
</comp>

<comp id="256" class="1004" name="buffer_9_fu_256">
<pin_list>
<pin id="257" dir="0" index="0" bw="1" slack="0"/>
<pin id="258" dir="1" index="1" bw="4" slack="1"/>
</pin_list>
<bind>
<opcode="alloca(26) " fcode="alloca"/>
<opset="buffer_9/1 "/>
</bind>
</comp>

<comp id="260" class="1004" name="buffer_10_fu_260">
<pin_list>
<pin id="261" dir="0" index="0" bw="1" slack="0"/>
<pin id="262" dir="1" index="1" bw="4" slack="1"/>
</pin_list>
<bind>
<opcode="alloca(26) " fcode="alloca"/>
<opset="buffer_10/1 "/>
</bind>
</comp>

<comp id="264" class="1004" name="buffer_11_fu_264">
<pin_list>
<pin id="265" dir="0" index="0" bw="1" slack="0"/>
<pin id="266" dir="1" index="1" bw="4" slack="1"/>
</pin_list>
<bind>
<opcode="alloca(26) " fcode="alloca"/>
<opset="buffer_11/1 "/>
</bind>
</comp>

<comp id="268" class="1004" name="buffer_12_fu_268">
<pin_list>
<pin id="269" dir="0" index="0" bw="1" slack="0"/>
<pin id="270" dir="1" index="1" bw="4" slack="1"/>
</pin_list>
<bind>
<opcode="alloca(26) " fcode="alloca"/>
<opset="buffer_12/1 "/>
</bind>
</comp>

<comp id="272" class="1004" name="buffer_13_fu_272">
<pin_list>
<pin id="273" dir="0" index="0" bw="1" slack="0"/>
<pin id="274" dir="1" index="1" bw="4" slack="1"/>
</pin_list>
<bind>
<opcode="alloca(26) " fcode="alloca"/>
<opset="buffer_13/1 "/>
</bind>
</comp>

<comp id="276" class="1004" name="buffer_14_fu_276">
<pin_list>
<pin id="277" dir="0" index="0" bw="1" slack="0"/>
<pin id="278" dir="1" index="1" bw="4" slack="1"/>
</pin_list>
<bind>
<opcode="alloca(26) " fcode="alloca"/>
<opset="buffer_14/1 "/>
</bind>
</comp>

<comp id="280" class="1004" name="buffer_15_fu_280">
<pin_list>
<pin id="281" dir="0" index="0" bw="1" slack="0"/>
<pin id="282" dir="1" index="1" bw="4" slack="1"/>
</pin_list>
<bind>
<opcode="alloca(26) " fcode="alloca"/>
<opset="buffer_15/1 "/>
</bind>
</comp>

<comp id="284" class="1004" name="buffer_16_fu_284">
<pin_list>
<pin id="285" dir="0" index="0" bw="1" slack="0"/>
<pin id="286" dir="1" index="1" bw="4" slack="1"/>
</pin_list>
<bind>
<opcode="alloca(26) " fcode="alloca"/>
<opset="buffer_16/1 "/>
</bind>
</comp>

<comp id="288" class="1004" name="buffer_17_fu_288">
<pin_list>
<pin id="289" dir="0" index="0" bw="1" slack="0"/>
<pin id="290" dir="1" index="1" bw="4" slack="1"/>
</pin_list>
<bind>
<opcode="alloca(26) " fcode="alloca"/>
<opset="buffer_17/1 "/>
</bind>
</comp>

<comp id="292" class="1004" name="buffer_18_fu_292">
<pin_list>
<pin id="293" dir="0" index="0" bw="1" slack="0"/>
<pin id="294" dir="1" index="1" bw="4" slack="1"/>
</pin_list>
<bind>
<opcode="alloca(26) " fcode="alloca"/>
<opset="buffer_18/1 "/>
</bind>
</comp>

<comp id="296" class="1004" name="buffer_19_fu_296">
<pin_list>
<pin id="297" dir="0" index="0" bw="1" slack="0"/>
<pin id="298" dir="1" index="1" bw="4" slack="1"/>
</pin_list>
<bind>
<opcode="alloca(26) " fcode="alloca"/>
<opset="buffer_19/1 "/>
</bind>
</comp>

<comp id="300" class="1004" name="buffer_20_fu_300">
<pin_list>
<pin id="301" dir="0" index="0" bw="1" slack="0"/>
<pin id="302" dir="1" index="1" bw="4" slack="1"/>
</pin_list>
<bind>
<opcode="alloca(26) " fcode="alloca"/>
<opset="buffer_20/1 "/>
</bind>
</comp>

<comp id="304" class="1004" name="buffer_21_fu_304">
<pin_list>
<pin id="305" dir="0" index="0" bw="1" slack="0"/>
<pin id="306" dir="1" index="1" bw="4" slack="1"/>
</pin_list>
<bind>
<opcode="alloca(26) " fcode="alloca"/>
<opset="buffer_21/1 "/>
</bind>
</comp>

<comp id="308" class="1004" name="buffer_22_fu_308">
<pin_list>
<pin id="309" dir="0" index="0" bw="1" slack="0"/>
<pin id="310" dir="1" index="1" bw="4" slack="1"/>
</pin_list>
<bind>
<opcode="alloca(26) " fcode="alloca"/>
<opset="buffer_22/1 "/>
</bind>
</comp>

<comp id="312" class="1004" name="buffer_23_fu_312">
<pin_list>
<pin id="313" dir="0" index="0" bw="1" slack="0"/>
<pin id="314" dir="1" index="1" bw="4" slack="1"/>
</pin_list>
<bind>
<opcode="alloca(26) " fcode="alloca"/>
<opset="buffer_23/1 "/>
</bind>
</comp>

<comp id="316" class="1004" name="buffer_24_fu_316">
<pin_list>
<pin id="317" dir="0" index="0" bw="1" slack="0"/>
<pin id="318" dir="1" index="1" bw="4" slack="1"/>
</pin_list>
<bind>
<opcode="alloca(26) " fcode="alloca"/>
<opset="buffer_24/1 "/>
</bind>
</comp>

<comp id="320" class="1004" name="buffer_25_fu_320">
<pin_list>
<pin id="321" dir="0" index="0" bw="1" slack="0"/>
<pin id="322" dir="1" index="1" bw="4" slack="1"/>
</pin_list>
<bind>
<opcode="alloca(26) " fcode="alloca"/>
<opset="buffer_25/1 "/>
</bind>
</comp>

<comp id="324" class="1004" name="buffer_26_fu_324">
<pin_list>
<pin id="325" dir="0" index="0" bw="1" slack="0"/>
<pin id="326" dir="1" index="1" bw="4" slack="1"/>
</pin_list>
<bind>
<opcode="alloca(26) " fcode="alloca"/>
<opset="buffer_26/1 "/>
</bind>
</comp>

<comp id="328" class="1004" name="buffer_27_fu_328">
<pin_list>
<pin id="329" dir="0" index="0" bw="1" slack="0"/>
<pin id="330" dir="1" index="1" bw="4" slack="1"/>
</pin_list>
<bind>
<opcode="alloca(26) " fcode="alloca"/>
<opset="buffer_27/1 "/>
</bind>
</comp>

<comp id="332" class="1004" name="buffer_28_fu_332">
<pin_list>
<pin id="333" dir="0" index="0" bw="1" slack="0"/>
<pin id="334" dir="1" index="1" bw="4" slack="1"/>
</pin_list>
<bind>
<opcode="alloca(26) " fcode="alloca"/>
<opset="buffer_28/1 "/>
</bind>
</comp>

<comp id="336" class="1004" name="buffer_29_fu_336">
<pin_list>
<pin id="337" dir="0" index="0" bw="1" slack="0"/>
<pin id="338" dir="1" index="1" bw="4" slack="1"/>
</pin_list>
<bind>
<opcode="alloca(26) " fcode="alloca"/>
<opset="buffer_29/1 "/>
</bind>
</comp>

<comp id="340" class="1004" name="buffer_30_fu_340">
<pin_list>
<pin id="341" dir="0" index="0" bw="1" slack="0"/>
<pin id="342" dir="1" index="1" bw="4" slack="1"/>
</pin_list>
<bind>
<opcode="alloca(26) " fcode="alloca"/>
<opset="buffer_30/1 "/>
</bind>
</comp>

<comp id="344" class="1004" name="buffer_31_fu_344">
<pin_list>
<pin id="345" dir="0" index="0" bw="1" slack="0"/>
<pin id="346" dir="1" index="1" bw="4" slack="1"/>
</pin_list>
<bind>
<opcode="alloca(26) " fcode="alloca"/>
<opset="buffer_31/1 "/>
</bind>
</comp>

<comp id="348" class="1004" name="empty_read_fu_348">
<pin_list>
<pin id="349" dir="0" index="0" bw="41" slack="0"/>
<pin id="350" dir="0" index="1" bw="32" slack="0"/>
<pin id="351" dir="0" index="2" bw="4" slack="0"/>
<pin id="352" dir="0" index="3" bw="4" slack="0"/>
<pin id="353" dir="0" index="4" bw="1" slack="0"/>
<pin id="354" dir="1" index="5" bw="41" slack="0"/>
</pin_list>
<bind>
<opcode="read(1150) " fcode="read"/>
<opset="empty/1 "/>
</bind>
</comp>

<comp id="360" class="1004" name="write_ln0_write_fu_360">
<pin_list>
<pin id="361" dir="0" index="0" bw="0" slack="0"/>
<pin id="362" dir="0" index="1" bw="4" slack="0"/>
<pin id="363" dir="0" index="2" bw="4" slack="0"/>
<pin id="364" dir="1" index="3" bw="0" slack="2147483647"/>
</pin_list>
<bind>
<opcode="write(1151) " fcode="write"/>
<opset="write_ln0/2 "/>
</bind>
</comp>

<comp id="367" class="1004" name="write_ln0_write_fu_367">
<pin_list>
<pin id="368" dir="0" index="0" bw="0" slack="0"/>
<pin id="369" dir="0" index="1" bw="4" slack="0"/>
<pin id="370" dir="0" index="2" bw="4" slack="0"/>
<pin id="371" dir="1" index="3" bw="0" slack="2147483647"/>
</pin_list>
<bind>
<opcode="write(1151) " fcode="write"/>
<opset="write_ln0/2 "/>
</bind>
</comp>

<comp id="374" class="1004" name="write_ln0_write_fu_374">
<pin_list>
<pin id="375" dir="0" index="0" bw="0" slack="0"/>
<pin id="376" dir="0" index="1" bw="4" slack="0"/>
<pin id="377" dir="0" index="2" bw="4" slack="0"/>
<pin id="378" dir="1" index="3" bw="0" slack="2147483647"/>
</pin_list>
<bind>
<opcode="write(1151) " fcode="write"/>
<opset="write_ln0/2 "/>
</bind>
</comp>

<comp id="381" class="1004" name="write_ln0_write_fu_381">
<pin_list>
<pin id="382" dir="0" index="0" bw="0" slack="0"/>
<pin id="383" dir="0" index="1" bw="4" slack="0"/>
<pin id="384" dir="0" index="2" bw="4" slack="0"/>
<pin id="385" dir="1" index="3" bw="0" slack="2147483647"/>
</pin_list>
<bind>
<opcode="write(1151) " fcode="write"/>
<opset="write_ln0/2 "/>
</bind>
</comp>

<comp id="388" class="1004" name="write_ln0_write_fu_388">
<pin_list>
<pin id="389" dir="0" index="0" bw="0" slack="0"/>
<pin id="390" dir="0" index="1" bw="4" slack="0"/>
<pin id="391" dir="0" index="2" bw="4" slack="0"/>
<pin id="392" dir="1" index="3" bw="0" slack="2147483647"/>
</pin_list>
<bind>
<opcode="write(1151) " fcode="write"/>
<opset="write_ln0/2 "/>
</bind>
</comp>

<comp id="395" class="1004" name="write_ln0_write_fu_395">
<pin_list>
<pin id="396" dir="0" index="0" bw="0" slack="0"/>
<pin id="397" dir="0" index="1" bw="4" slack="0"/>
<pin id="398" dir="0" index="2" bw="4" slack="0"/>
<pin id="399" dir="1" index="3" bw="0" slack="2147483647"/>
</pin_list>
<bind>
<opcode="write(1151) " fcode="write"/>
<opset="write_ln0/2 "/>
</bind>
</comp>

<comp id="402" class="1004" name="write_ln0_write_fu_402">
<pin_list>
<pin id="403" dir="0" index="0" bw="0" slack="0"/>
<pin id="404" dir="0" index="1" bw="4" slack="0"/>
<pin id="405" dir="0" index="2" bw="4" slack="0"/>
<pin id="406" dir="1" index="3" bw="0" slack="2147483647"/>
</pin_list>
<bind>
<opcode="write(1151) " fcode="write"/>
<opset="write_ln0/2 "/>
</bind>
</comp>

<comp id="409" class="1004" name="write_ln0_write_fu_409">
<pin_list>
<pin id="410" dir="0" index="0" bw="0" slack="0"/>
<pin id="411" dir="0" index="1" bw="4" slack="0"/>
<pin id="412" dir="0" index="2" bw="4" slack="0"/>
<pin id="413" dir="1" index="3" bw="0" slack="2147483647"/>
</pin_list>
<bind>
<opcode="write(1151) " fcode="write"/>
<opset="write_ln0/2 "/>
</bind>
</comp>

<comp id="416" class="1004" name="write_ln0_write_fu_416">
<pin_list>
<pin id="417" dir="0" index="0" bw="0" slack="0"/>
<pin id="418" dir="0" index="1" bw="4" slack="0"/>
<pin id="419" dir="0" index="2" bw="4" slack="0"/>
<pin id="420" dir="1" index="3" bw="0" slack="2147483647"/>
</pin_list>
<bind>
<opcode="write(1151) " fcode="write"/>
<opset="write_ln0/2 "/>
</bind>
</comp>

<comp id="423" class="1004" name="write_ln0_write_fu_423">
<pin_list>
<pin id="424" dir="0" index="0" bw="0" slack="0"/>
<pin id="425" dir="0" index="1" bw="4" slack="0"/>
<pin id="426" dir="0" index="2" bw="4" slack="0"/>
<pin id="427" dir="1" index="3" bw="0" slack="2147483647"/>
</pin_list>
<bind>
<opcode="write(1151) " fcode="write"/>
<opset="write_ln0/2 "/>
</bind>
</comp>

<comp id="430" class="1004" name="write_ln0_write_fu_430">
<pin_list>
<pin id="431" dir="0" index="0" bw="0" slack="0"/>
<pin id="432" dir="0" index="1" bw="4" slack="0"/>
<pin id="433" dir="0" index="2" bw="4" slack="0"/>
<pin id="434" dir="1" index="3" bw="0" slack="2147483647"/>
</pin_list>
<bind>
<opcode="write(1151) " fcode="write"/>
<opset="write_ln0/2 "/>
</bind>
</comp>

<comp id="437" class="1004" name="write_ln0_write_fu_437">
<pin_list>
<pin id="438" dir="0" index="0" bw="0" slack="0"/>
<pin id="439" dir="0" index="1" bw="4" slack="0"/>
<pin id="440" dir="0" index="2" bw="4" slack="0"/>
<pin id="441" dir="1" index="3" bw="0" slack="2147483647"/>
</pin_list>
<bind>
<opcode="write(1151) " fcode="write"/>
<opset="write_ln0/2 "/>
</bind>
</comp>

<comp id="444" class="1004" name="write_ln0_write_fu_444">
<pin_list>
<pin id="445" dir="0" index="0" bw="0" slack="0"/>
<pin id="446" dir="0" index="1" bw="4" slack="0"/>
<pin id="447" dir="0" index="2" bw="4" slack="0"/>
<pin id="448" dir="1" index="3" bw="0" slack="2147483647"/>
</pin_list>
<bind>
<opcode="write(1151) " fcode="write"/>
<opset="write_ln0/2 "/>
</bind>
</comp>

<comp id="451" class="1004" name="write_ln0_write_fu_451">
<pin_list>
<pin id="452" dir="0" index="0" bw="0" slack="0"/>
<pin id="453" dir="0" index="1" bw="4" slack="0"/>
<pin id="454" dir="0" index="2" bw="4" slack="0"/>
<pin id="455" dir="1" index="3" bw="0" slack="2147483647"/>
</pin_list>
<bind>
<opcode="write(1151) " fcode="write"/>
<opset="write_ln0/2 "/>
</bind>
</comp>

<comp id="458" class="1004" name="write_ln0_write_fu_458">
<pin_list>
<pin id="459" dir="0" index="0" bw="0" slack="0"/>
<pin id="460" dir="0" index="1" bw="4" slack="0"/>
<pin id="461" dir="0" index="2" bw="4" slack="0"/>
<pin id="462" dir="1" index="3" bw="0" slack="2147483647"/>
</pin_list>
<bind>
<opcode="write(1151) " fcode="write"/>
<opset="write_ln0/2 "/>
</bind>
</comp>

<comp id="465" class="1004" name="write_ln0_write_fu_465">
<pin_list>
<pin id="466" dir="0" index="0" bw="0" slack="0"/>
<pin id="467" dir="0" index="1" bw="4" slack="0"/>
<pin id="468" dir="0" index="2" bw="4" slack="0"/>
<pin id="469" dir="1" index="3" bw="0" slack="2147483647"/>
</pin_list>
<bind>
<opcode="write(1151) " fcode="write"/>
<opset="write_ln0/2 "/>
</bind>
</comp>

<comp id="472" class="1004" name="write_ln0_write_fu_472">
<pin_list>
<pin id="473" dir="0" index="0" bw="0" slack="0"/>
<pin id="474" dir="0" index="1" bw="4" slack="0"/>
<pin id="475" dir="0" index="2" bw="4" slack="0"/>
<pin id="476" dir="1" index="3" bw="0" slack="2147483647"/>
</pin_list>
<bind>
<opcode="write(1151) " fcode="write"/>
<opset="write_ln0/2 "/>
</bind>
</comp>

<comp id="479" class="1004" name="write_ln0_write_fu_479">
<pin_list>
<pin id="480" dir="0" index="0" bw="0" slack="0"/>
<pin id="481" dir="0" index="1" bw="4" slack="0"/>
<pin id="482" dir="0" index="2" bw="4" slack="0"/>
<pin id="483" dir="1" index="3" bw="0" slack="2147483647"/>
</pin_list>
<bind>
<opcode="write(1151) " fcode="write"/>
<opset="write_ln0/2 "/>
</bind>
</comp>

<comp id="486" class="1004" name="write_ln0_write_fu_486">
<pin_list>
<pin id="487" dir="0" index="0" bw="0" slack="0"/>
<pin id="488" dir="0" index="1" bw="4" slack="0"/>
<pin id="489" dir="0" index="2" bw="4" slack="0"/>
<pin id="490" dir="1" index="3" bw="0" slack="2147483647"/>
</pin_list>
<bind>
<opcode="write(1151) " fcode="write"/>
<opset="write_ln0/2 "/>
</bind>
</comp>

<comp id="493" class="1004" name="write_ln0_write_fu_493">
<pin_list>
<pin id="494" dir="0" index="0" bw="0" slack="0"/>
<pin id="495" dir="0" index="1" bw="4" slack="0"/>
<pin id="496" dir="0" index="2" bw="4" slack="0"/>
<pin id="497" dir="1" index="3" bw="0" slack="2147483647"/>
</pin_list>
<bind>
<opcode="write(1151) " fcode="write"/>
<opset="write_ln0/2 "/>
</bind>
</comp>

<comp id="500" class="1004" name="write_ln0_write_fu_500">
<pin_list>
<pin id="501" dir="0" index="0" bw="0" slack="0"/>
<pin id="502" dir="0" index="1" bw="4" slack="0"/>
<pin id="503" dir="0" index="2" bw="4" slack="0"/>
<pin id="504" dir="1" index="3" bw="0" slack="2147483647"/>
</pin_list>
<bind>
<opcode="write(1151) " fcode="write"/>
<opset="write_ln0/2 "/>
</bind>
</comp>

<comp id="507" class="1004" name="write_ln0_write_fu_507">
<pin_list>
<pin id="508" dir="0" index="0" bw="0" slack="0"/>
<pin id="509" dir="0" index="1" bw="4" slack="0"/>
<pin id="510" dir="0" index="2" bw="4" slack="0"/>
<pin id="511" dir="1" index="3" bw="0" slack="2147483647"/>
</pin_list>
<bind>
<opcode="write(1151) " fcode="write"/>
<opset="write_ln0/2 "/>
</bind>
</comp>

<comp id="514" class="1004" name="write_ln0_write_fu_514">
<pin_list>
<pin id="515" dir="0" index="0" bw="0" slack="0"/>
<pin id="516" dir="0" index="1" bw="4" slack="0"/>
<pin id="517" dir="0" index="2" bw="4" slack="0"/>
<pin id="518" dir="1" index="3" bw="0" slack="2147483647"/>
</pin_list>
<bind>
<opcode="write(1151) " fcode="write"/>
<opset="write_ln0/2 "/>
</bind>
</comp>

<comp id="521" class="1004" name="write_ln0_write_fu_521">
<pin_list>
<pin id="522" dir="0" index="0" bw="0" slack="0"/>
<pin id="523" dir="0" index="1" bw="4" slack="0"/>
<pin id="524" dir="0" index="2" bw="4" slack="0"/>
<pin id="525" dir="1" index="3" bw="0" slack="2147483647"/>
</pin_list>
<bind>
<opcode="write(1151) " fcode="write"/>
<opset="write_ln0/2 "/>
</bind>
</comp>

<comp id="528" class="1004" name="write_ln0_write_fu_528">
<pin_list>
<pin id="529" dir="0" index="0" bw="0" slack="0"/>
<pin id="530" dir="0" index="1" bw="4" slack="0"/>
<pin id="531" dir="0" index="2" bw="4" slack="0"/>
<pin id="532" dir="1" index="3" bw="0" slack="2147483647"/>
</pin_list>
<bind>
<opcode="write(1151) " fcode="write"/>
<opset="write_ln0/2 "/>
</bind>
</comp>

<comp id="535" class="1004" name="write_ln0_write_fu_535">
<pin_list>
<pin id="536" dir="0" index="0" bw="0" slack="0"/>
<pin id="537" dir="0" index="1" bw="4" slack="0"/>
<pin id="538" dir="0" index="2" bw="4" slack="0"/>
<pin id="539" dir="1" index="3" bw="0" slack="2147483647"/>
</pin_list>
<bind>
<opcode="write(1151) " fcode="write"/>
<opset="write_ln0/2 "/>
</bind>
</comp>

<comp id="542" class="1004" name="write_ln0_write_fu_542">
<pin_list>
<pin id="543" dir="0" index="0" bw="0" slack="0"/>
<pin id="544" dir="0" index="1" bw="4" slack="0"/>
<pin id="545" dir="0" index="2" bw="4" slack="0"/>
<pin id="546" dir="1" index="3" bw="0" slack="2147483647"/>
</pin_list>
<bind>
<opcode="write(1151) " fcode="write"/>
<opset="write_ln0/2 "/>
</bind>
</comp>

<comp id="549" class="1004" name="write_ln0_write_fu_549">
<pin_list>
<pin id="550" dir="0" index="0" bw="0" slack="0"/>
<pin id="551" dir="0" index="1" bw="4" slack="0"/>
<pin id="552" dir="0" index="2" bw="4" slack="0"/>
<pin id="553" dir="1" index="3" bw="0" slack="2147483647"/>
</pin_list>
<bind>
<opcode="write(1151) " fcode="write"/>
<opset="write_ln0/2 "/>
</bind>
</comp>

<comp id="556" class="1004" name="write_ln0_write_fu_556">
<pin_list>
<pin id="557" dir="0" index="0" bw="0" slack="0"/>
<pin id="558" dir="0" index="1" bw="4" slack="0"/>
<pin id="559" dir="0" index="2" bw="4" slack="0"/>
<pin id="560" dir="1" index="3" bw="0" slack="2147483647"/>
</pin_list>
<bind>
<opcode="write(1151) " fcode="write"/>
<opset="write_ln0/2 "/>
</bind>
</comp>

<comp id="563" class="1004" name="write_ln0_write_fu_563">
<pin_list>
<pin id="564" dir="0" index="0" bw="0" slack="0"/>
<pin id="565" dir="0" index="1" bw="4" slack="0"/>
<pin id="566" dir="0" index="2" bw="4" slack="0"/>
<pin id="567" dir="1" index="3" bw="0" slack="2147483647"/>
</pin_list>
<bind>
<opcode="write(1151) " fcode="write"/>
<opset="write_ln0/2 "/>
</bind>
</comp>

<comp id="570" class="1004" name="write_ln0_write_fu_570">
<pin_list>
<pin id="571" dir="0" index="0" bw="0" slack="0"/>
<pin id="572" dir="0" index="1" bw="4" slack="0"/>
<pin id="573" dir="0" index="2" bw="4" slack="0"/>
<pin id="574" dir="1" index="3" bw="0" slack="2147483647"/>
</pin_list>
<bind>
<opcode="write(1151) " fcode="write"/>
<opset="write_ln0/2 "/>
</bind>
</comp>

<comp id="577" class="1004" name="write_ln0_write_fu_577">
<pin_list>
<pin id="578" dir="0" index="0" bw="0" slack="0"/>
<pin id="579" dir="0" index="1" bw="4" slack="0"/>
<pin id="580" dir="0" index="2" bw="4" slack="0"/>
<pin id="581" dir="1" index="3" bw="0" slack="2147483647"/>
</pin_list>
<bind>
<opcode="write(1151) " fcode="write"/>
<opset="write_ln0/2 "/>
</bind>
</comp>

<comp id="584" class="1004" name="store_ln32_store_fu_584">
<pin_list>
<pin id="585" dir="0" index="0" bw="1" slack="0"/>
<pin id="586" dir="0" index="1" bw="6" slack="0"/>
<pin id="587" dir="1" index="2" bw="0" slack="2147483647"/>
</pin_list>
<bind>
<opcode="store(28) " fcode="store"/>
<opset="store_ln32/1 "/>
</bind>
</comp>

<comp id="589" class="1004" name="j_1_load_fu_589">
<pin_list>
<pin id="590" dir="0" index="0" bw="6" slack="0"/>
<pin id="591" dir="1" index="1" bw="6" slack="0"/>
</pin_list>
<bind>
<opcode="load(27) " fcode="load"/>
<opset="j_1/1 "/>
</bind>
</comp>

<comp id="592" class="1004" name="icmp_ln32_fu_592">
<pin_list>
<pin id="593" dir="0" index="0" bw="6" slack="0"/>
<pin id="594" dir="0" index="1" bw="6" slack="0"/>
<pin id="595" dir="1" index="2" bw="1" slack="1"/>
</pin_list>
<bind>
<opcode="icmp(45) " fcode="icmp"/>
<opset="icmp_ln32/1 "/>
</bind>
</comp>

<comp id="598" class="1004" name="add_ln32_fu_598">
<pin_list>
<pin id="599" dir="0" index="0" bw="6" slack="0"/>
<pin id="600" dir="0" index="1" bw="1" slack="0"/>
<pin id="601" dir="1" index="2" bw="6" slack="0"/>
</pin_list>
<bind>
<opcode="add(8) " fcode="add"/>
<opset="add_ln32/1 "/>
</bind>
</comp>

<comp id="604" class="1004" name="trunc_ln32_fu_604">
<pin_list>
<pin id="605" dir="0" index="0" bw="6" slack="0"/>
<pin id="606" dir="1" index="1" bw="5" slack="2"/>
</pin_list>
<bind>
<opcode="trunc(33) " fcode="trunc"/>
<opset="trunc_ln32/1 "/>
</bind>
</comp>

<comp id="608" class="1004" name="f_p_data_fu_608">
<pin_list>
<pin id="609" dir="0" index="0" bw="41" slack="0"/>
<pin id="610" dir="1" index="1" bw="32" slack="0"/>
</pin_list>
<bind>
<opcode="extractvalue(56) " fcode="extractvalue"/>
<opset="f_p_data/1 "/>
</bind>
</comp>

<comp id="612" class="1004" name="xs_sign_fu_612">
<pin_list>
<pin id="613" dir="0" index="0" bw="1" slack="0"/>
<pin id="614" dir="0" index="1" bw="32" slack="0"/>
<pin id="615" dir="0" index="2" bw="6" slack="0"/>
<pin id="616" dir="1" index="3" bw="1" slack="1"/>
</pin_list>
<bind>
<opcode="bitselect(1000) " fcode="bitselect"/>
<opset="xs_sign/1 "/>
</bind>
</comp>

<comp id="620" class="1004" name="xs_exp_fu_620">
<pin_list>
<pin id="621" dir="0" index="0" bw="8" slack="0"/>
<pin id="622" dir="0" index="1" bw="32" slack="0"/>
<pin id="623" dir="0" index="2" bw="6" slack="0"/>
<pin id="624" dir="0" index="3" bw="6" slack="0"/>
<pin id="625" dir="1" index="4" bw="8" slack="0"/>
</pin_list>
<bind>
<opcode="partselect(1002) " fcode="partselect"/>
<opset="xs_exp/1 "/>
</bind>
</comp>

<comp id="630" class="1004" name="trunc_ln342_fu_630">
<pin_list>
<pin id="631" dir="0" index="0" bw="32" slack="0"/>
<pin id="632" dir="1" index="1" bw="23" slack="1"/>
</pin_list>
<bind>
<opcode="trunc(33) " fcode="trunc"/>
<opset="trunc_ln342/1 "/>
</bind>
</comp>

<comp id="634" class="1004" name="zext_ln317_fu_634">
<pin_list>
<pin id="635" dir="0" index="0" bw="8" slack="0"/>
<pin id="636" dir="1" index="1" bw="9" slack="0"/>
</pin_list>
<bind>
<opcode="zext(34) " fcode="zext"/>
<opset="zext_ln317/1 "/>
</bind>
</comp>

<comp id="638" class="1004" name="add_ln317_fu_638">
<pin_list>
<pin id="639" dir="0" index="0" bw="8" slack="0"/>
<pin id="640" dir="0" index="1" bw="8" slack="0"/>
<pin id="641" dir="1" index="2" bw="9" slack="0"/>
</pin_list>
<bind>
<opcode="add(8) " fcode="add"/>
<opset="add_ln317/1 "/>
</bind>
</comp>

<comp id="644" class="1004" name="tmp_fu_644">
<pin_list>
<pin id="645" dir="0" index="0" bw="1" slack="0"/>
<pin id="646" dir="0" index="1" bw="9" slack="0"/>
<pin id="647" dir="0" index="2" bw="5" slack="0"/>
<pin id="648" dir="1" index="3" bw="1" slack="0"/>
</pin_list>
<bind>
<opcode="bitselect(1000) " fcode="bitselect"/>
<opset="tmp/1 "/>
</bind>
</comp>

<comp id="652" class="1004" name="sub_ln18_fu_652">
<pin_list>
<pin id="653" dir="0" index="0" bw="8" slack="0"/>
<pin id="654" dir="0" index="1" bw="8" slack="0"/>
<pin id="655" dir="1" index="2" bw="8" slack="0"/>
</pin_list>
<bind>
<opcode="sub(10) " fcode="sub"/>
<opset="sub_ln18/1 "/>
</bind>
</comp>

<comp id="658" class="1004" name="sext_ln18_fu_658">
<pin_list>
<pin id="659" dir="0" index="0" bw="8" slack="0"/>
<pin id="660" dir="1" index="1" bw="9" slack="0"/>
</pin_list>
<bind>
<opcode="sext(35) " fcode="sext"/>
<opset="sext_ln18/1 "/>
</bind>
</comp>

<comp id="662" class="1004" name="select_ln18_fu_662">
<pin_list>
<pin id="663" dir="0" index="0" bw="1" slack="0"/>
<pin id="664" dir="0" index="1" bw="8" slack="0"/>
<pin id="665" dir="0" index="2" bw="9" slack="0"/>
<pin id="666" dir="1" index="3" bw="9" slack="1"/>
</pin_list>
<bind>
<opcode="select(49) " fcode="select"/>
<opset="select_ln18/1 "/>
</bind>
</comp>

<comp id="670" class="1004" name="store_ln32_store_fu_670">
<pin_list>
<pin id="671" dir="0" index="0" bw="6" slack="0"/>
<pin id="672" dir="0" index="1" bw="6" slack="0"/>
<pin id="673" dir="1" index="2" bw="0" slack="2147483647"/>
</pin_list>
<bind>
<opcode="store(28) " fcode="store"/>
<opset="store_ln32/1 "/>
</bind>
</comp>

<comp id="675" class="1004" name="mantissa_fu_675">
<pin_list>
<pin id="676" dir="0" index="0" bw="25" slack="0"/>
<pin id="677" dir="0" index="1" bw="1" slack="0"/>
<pin id="678" dir="0" index="2" bw="23" slack="1"/>
<pin id="679" dir="0" index="3" bw="1" slack="0"/>
<pin id="680" dir="1" index="4" bw="25" slack="0"/>
</pin_list>
<bind>
<opcode="bitconcatenate(1004) " fcode="bitconcatenate"/>
<opset="mantissa/2 "/>
</bind>
</comp>

<comp id="684" class="1004" name="zext_ln15_fu_684">
<pin_list>
<pin id="685" dir="0" index="0" bw="25" slack="0"/>
<pin id="686" dir="1" index="1" bw="55" slack="0"/>
</pin_list>
<bind>
<opcode="zext(34) " fcode="zext"/>
<opset="zext_ln15/2 "/>
</bind>
</comp>

<comp id="688" class="1004" name="sext_ln18_1_fu_688">
<pin_list>
<pin id="689" dir="0" index="0" bw="9" slack="1"/>
<pin id="690" dir="1" index="1" bw="32" slack="0"/>
</pin_list>
<bind>
<opcode="sext(35) " fcode="sext"/>
<opset="sext_ln18_1/2 "/>
</bind>
</comp>

<comp id="691" class="1004" name="zext_ln18_fu_691">
<pin_list>
<pin id="692" dir="0" index="0" bw="9" slack="0"/>
<pin id="693" dir="1" index="1" bw="55" slack="0"/>
</pin_list>
<bind>
<opcode="zext(34) " fcode="zext"/>
<opset="zext_ln18/2 "/>
</bind>
</comp>

<comp id="695" class="1004" name="lshr_ln18_fu_695">
<pin_list>
<pin id="696" dir="0" index="0" bw="25" slack="0"/>
<pin id="697" dir="0" index="1" bw="32" slack="0"/>
<pin id="698" dir="1" index="2" bw="55" slack="0"/>
</pin_list>
<bind>
<opcode="lshr(21) " fcode="lshr"/>
<opset="lshr_ln18/2 "/>
</bind>
</comp>

<comp id="701" class="1004" name="shl_ln18_fu_701">
<pin_list>
<pin id="702" dir="0" index="0" bw="25" slack="0"/>
<pin id="703" dir="0" index="1" bw="32" slack="0"/>
<pin id="704" dir="1" index="2" bw="55" slack="0"/>
</pin_list>
<bind>
<opcode="shl(20) " fcode="shl"/>
<opset="shl_ln18/2 "/>
</bind>
</comp>

<comp id="707" class="1004" name="tmp_3_fu_707">
<pin_list>
<pin id="708" dir="0" index="0" bw="8" slack="0"/>
<pin id="709" dir="0" index="1" bw="55" slack="0"/>
<pin id="710" dir="0" index="2" bw="6" slack="0"/>
<pin id="711" dir="0" index="3" bw="6" slack="0"/>
<pin id="712" dir="1" index="4" bw="8" slack="0"/>
</pin_list>
<bind>
<opcode="partselect(1002) " fcode="partselect"/>
<opset="tmp_3/2 "/>
</bind>
</comp>

<comp id="717" class="1004" name="tmp_4_fu_717">
<pin_list>
<pin id="718" dir="0" index="0" bw="8" slack="0"/>
<pin id="719" dir="0" index="1" bw="55" slack="0"/>
<pin id="720" dir="0" index="2" bw="6" slack="0"/>
<pin id="721" dir="0" index="3" bw="6" slack="0"/>
<pin id="722" dir="1" index="4" bw="8" slack="0"/>
</pin_list>
<bind>
<opcode="partselect(1002) " fcode="partselect"/>
<opset="tmp_4/2 "/>
</bind>
</comp>

<comp id="727" class="1004" name="val_fu_727">
<pin_list>
<pin id="728" dir="0" index="0" bw="1" slack="1"/>
<pin id="729" dir="0" index="1" bw="8" slack="0"/>
<pin id="730" dir="0" index="2" bw="8" slack="0"/>
<pin id="731" dir="1" index="3" bw="8" slack="0"/>
</pin_list>
<bind>
<opcode="select(49) " fcode="select"/>
<opset="val/2 "/>
</bind>
</comp>

<comp id="734" class="1004" name="sub_ln59_fu_734">
<pin_list>
<pin id="735" dir="0" index="0" bw="1" slack="0"/>
<pin id="736" dir="0" index="1" bw="8" slack="0"/>
<pin id="737" dir="1" index="2" bw="8" slack="0"/>
</pin_list>
<bind>
<opcode="sub(10) " fcode="sub"/>
<opset="sub_ln59/2 "/>
</bind>
</comp>

<comp id="740" class="1004" name="result_fu_740">
<pin_list>
<pin id="741" dir="0" index="0" bw="1" slack="1"/>
<pin id="742" dir="0" index="1" bw="8" slack="0"/>
<pin id="743" dir="0" index="2" bw="8" slack="0"/>
<pin id="744" dir="1" index="3" bw="8" slack="0"/>
</pin_list>
<bind>
<opcode="select(49) " fcode="select"/>
<opset="result/2 "/>
</bind>
</comp>

<comp id="747" class="1004" name="tmp_1_fu_747">
<pin_list>
<pin id="748" dir="0" index="0" bw="5" slack="0"/>
<pin id="749" dir="0" index="1" bw="8" slack="0"/>
<pin id="750" dir="0" index="2" bw="3" slack="0"/>
<pin id="751" dir="0" index="3" bw="4" slack="0"/>
<pin id="752" dir="1" index="4" bw="5" slack="1"/>
</pin_list>
<bind>
<opcode="partselect(1002) " fcode="partselect"/>
<opset="tmp_1/2 "/>
</bind>
</comp>

<comp id="757" class="1004" name="icmp_ln41_fu_757">
<pin_list>
<pin id="758" dir="0" index="0" bw="5" slack="1"/>
<pin id="759" dir="0" index="1" bw="1" slack="0"/>
<pin id="760" dir="1" index="2" bw="1" slack="0"/>
</pin_list>
<bind>
<opcode="icmp(45) " fcode="icmp"/>
<opset="icmp_ln41/3 "/>
</bind>
</comp>

<comp id="762" class="1004" name="i8_1_fu_762">
<pin_list>
<pin id="763" dir="0" index="0" bw="1" slack="0"/>
<pin id="764" dir="0" index="1" bw="4" slack="0"/>
<pin id="765" dir="0" index="2" bw="8" slack="1"/>
<pin id="766" dir="1" index="3" bw="8" slack="0"/>
</pin_list>
<bind>
<opcode="select(49) " fcode="select"/>
<opset="i8_1/3 "/>
</bind>
</comp>

<comp id="769" class="1004" name="icmp_ln42_fu_769">
<pin_list>
<pin id="770" dir="0" index="0" bw="8" slack="0"/>
<pin id="771" dir="0" index="1" bw="4" slack="0"/>
<pin id="772" dir="1" index="2" bw="1" slack="0"/>
</pin_list>
<bind>
<opcode="icmp(45) " fcode="icmp"/>
<opset="icmp_ln42/3 "/>
</bind>
</comp>

<comp id="775" class="1004" name="trunc_ln44_fu_775">
<pin_list>
<pin id="776" dir="0" index="0" bw="8" slack="0"/>
<pin id="777" dir="1" index="1" bw="4" slack="0"/>
</pin_list>
<bind>
<opcode="trunc(33) " fcode="trunc"/>
<opset="trunc_ln44/3 "/>
</bind>
</comp>

<comp id="779" class="1004" name="buffer_32_fu_779">
<pin_list>
<pin id="780" dir="0" index="0" bw="1" slack="0"/>
<pin id="781" dir="0" index="1" bw="4" slack="0"/>
<pin id="782" dir="0" index="2" bw="4" slack="0"/>
<pin id="783" dir="1" index="3" bw="4" slack="0"/>
</pin_list>
<bind>
<opcode="select(49) " fcode="select"/>
<opset="buffer_32/3 "/>
</bind>
</comp>

<comp id="787" class="1004" name="store_ln28_store_fu_787">
<pin_list>
<pin id="788" dir="0" index="0" bw="4" slack="0"/>
<pin id="789" dir="0" index="1" bw="4" slack="2"/>
<pin id="790" dir="1" index="2" bw="0" slack="2147483647"/>
</pin_list>
<bind>
<opcode="store(28) " fcode="store"/>
<opset="store_ln28/3 "/>
</bind>
</comp>

<comp id="792" class="1004" name="store_ln28_store_fu_792">
<pin_list>
<pin id="793" dir="0" index="0" bw="4" slack="0"/>
<pin id="794" dir="0" index="1" bw="4" slack="2"/>
<pin id="795" dir="1" index="2" bw="0" slack="2147483647"/>
</pin_list>
<bind>
<opcode="store(28) " fcode="store"/>
<opset="store_ln28/3 "/>
</bind>
</comp>

<comp id="797" class="1004" name="store_ln28_store_fu_797">
<pin_list>
<pin id="798" dir="0" index="0" bw="4" slack="0"/>
<pin id="799" dir="0" index="1" bw="4" slack="2"/>
<pin id="800" dir="1" index="2" bw="0" slack="2147483647"/>
</pin_list>
<bind>
<opcode="store(28) " fcode="store"/>
<opset="store_ln28/3 "/>
</bind>
</comp>

<comp id="802" class="1004" name="store_ln28_store_fu_802">
<pin_list>
<pin id="803" dir="0" index="0" bw="4" slack="0"/>
<pin id="804" dir="0" index="1" bw="4" slack="2"/>
<pin id="805" dir="1" index="2" bw="0" slack="2147483647"/>
</pin_list>
<bind>
<opcode="store(28) " fcode="store"/>
<opset="store_ln28/3 "/>
</bind>
</comp>

<comp id="807" class="1004" name="store_ln28_store_fu_807">
<pin_list>
<pin id="808" dir="0" index="0" bw="4" slack="0"/>
<pin id="809" dir="0" index="1" bw="4" slack="2"/>
<pin id="810" dir="1" index="2" bw="0" slack="2147483647"/>
</pin_list>
<bind>
<opcode="store(28) " fcode="store"/>
<opset="store_ln28/3 "/>
</bind>
</comp>

<comp id="812" class="1004" name="store_ln28_store_fu_812">
<pin_list>
<pin id="813" dir="0" index="0" bw="4" slack="0"/>
<pin id="814" dir="0" index="1" bw="4" slack="2"/>
<pin id="815" dir="1" index="2" bw="0" slack="2147483647"/>
</pin_list>
<bind>
<opcode="store(28) " fcode="store"/>
<opset="store_ln28/3 "/>
</bind>
</comp>

<comp id="817" class="1004" name="store_ln28_store_fu_817">
<pin_list>
<pin id="818" dir="0" index="0" bw="4" slack="0"/>
<pin id="819" dir="0" index="1" bw="4" slack="2"/>
<pin id="820" dir="1" index="2" bw="0" slack="2147483647"/>
</pin_list>
<bind>
<opcode="store(28) " fcode="store"/>
<opset="store_ln28/3 "/>
</bind>
</comp>

<comp id="822" class="1004" name="store_ln28_store_fu_822">
<pin_list>
<pin id="823" dir="0" index="0" bw="4" slack="0"/>
<pin id="824" dir="0" index="1" bw="4" slack="2"/>
<pin id="825" dir="1" index="2" bw="0" slack="2147483647"/>
</pin_list>
<bind>
<opcode="store(28) " fcode="store"/>
<opset="store_ln28/3 "/>
</bind>
</comp>

<comp id="827" class="1004" name="store_ln28_store_fu_827">
<pin_list>
<pin id="828" dir="0" index="0" bw="4" slack="0"/>
<pin id="829" dir="0" index="1" bw="4" slack="2"/>
<pin id="830" dir="1" index="2" bw="0" slack="2147483647"/>
</pin_list>
<bind>
<opcode="store(28) " fcode="store"/>
<opset="store_ln28/3 "/>
</bind>
</comp>

<comp id="832" class="1004" name="store_ln28_store_fu_832">
<pin_list>
<pin id="833" dir="0" index="0" bw="4" slack="0"/>
<pin id="834" dir="0" index="1" bw="4" slack="2"/>
<pin id="835" dir="1" index="2" bw="0" slack="2147483647"/>
</pin_list>
<bind>
<opcode="store(28) " fcode="store"/>
<opset="store_ln28/3 "/>
</bind>
</comp>

<comp id="837" class="1004" name="store_ln28_store_fu_837">
<pin_list>
<pin id="838" dir="0" index="0" bw="4" slack="0"/>
<pin id="839" dir="0" index="1" bw="4" slack="2"/>
<pin id="840" dir="1" index="2" bw="0" slack="2147483647"/>
</pin_list>
<bind>
<opcode="store(28) " fcode="store"/>
<opset="store_ln28/3 "/>
</bind>
</comp>

<comp id="842" class="1004" name="store_ln28_store_fu_842">
<pin_list>
<pin id="843" dir="0" index="0" bw="4" slack="0"/>
<pin id="844" dir="0" index="1" bw="4" slack="2"/>
<pin id="845" dir="1" index="2" bw="0" slack="2147483647"/>
</pin_list>
<bind>
<opcode="store(28) " fcode="store"/>
<opset="store_ln28/3 "/>
</bind>
</comp>

<comp id="847" class="1004" name="store_ln28_store_fu_847">
<pin_list>
<pin id="848" dir="0" index="0" bw="4" slack="0"/>
<pin id="849" dir="0" index="1" bw="4" slack="2"/>
<pin id="850" dir="1" index="2" bw="0" slack="2147483647"/>
</pin_list>
<bind>
<opcode="store(28) " fcode="store"/>
<opset="store_ln28/3 "/>
</bind>
</comp>

<comp id="852" class="1004" name="store_ln28_store_fu_852">
<pin_list>
<pin id="853" dir="0" index="0" bw="4" slack="0"/>
<pin id="854" dir="0" index="1" bw="4" slack="2"/>
<pin id="855" dir="1" index="2" bw="0" slack="2147483647"/>
</pin_list>
<bind>
<opcode="store(28) " fcode="store"/>
<opset="store_ln28/3 "/>
</bind>
</comp>

<comp id="857" class="1004" name="store_ln28_store_fu_857">
<pin_list>
<pin id="858" dir="0" index="0" bw="4" slack="0"/>
<pin id="859" dir="0" index="1" bw="4" slack="2"/>
<pin id="860" dir="1" index="2" bw="0" slack="2147483647"/>
</pin_list>
<bind>
<opcode="store(28) " fcode="store"/>
<opset="store_ln28/3 "/>
</bind>
</comp>

<comp id="862" class="1004" name="store_ln28_store_fu_862">
<pin_list>
<pin id="863" dir="0" index="0" bw="4" slack="0"/>
<pin id="864" dir="0" index="1" bw="4" slack="2"/>
<pin id="865" dir="1" index="2" bw="0" slack="2147483647"/>
</pin_list>
<bind>
<opcode="store(28) " fcode="store"/>
<opset="store_ln28/3 "/>
</bind>
</comp>

<comp id="867" class="1004" name="store_ln28_store_fu_867">
<pin_list>
<pin id="868" dir="0" index="0" bw="4" slack="0"/>
<pin id="869" dir="0" index="1" bw="4" slack="2"/>
<pin id="870" dir="1" index="2" bw="0" slack="2147483647"/>
</pin_list>
<bind>
<opcode="store(28) " fcode="store"/>
<opset="store_ln28/3 "/>
</bind>
</comp>

<comp id="872" class="1004" name="store_ln28_store_fu_872">
<pin_list>
<pin id="873" dir="0" index="0" bw="4" slack="0"/>
<pin id="874" dir="0" index="1" bw="4" slack="2"/>
<pin id="875" dir="1" index="2" bw="0" slack="2147483647"/>
</pin_list>
<bind>
<opcode="store(28) " fcode="store"/>
<opset="store_ln28/3 "/>
</bind>
</comp>

<comp id="877" class="1004" name="store_ln28_store_fu_877">
<pin_list>
<pin id="878" dir="0" index="0" bw="4" slack="0"/>
<pin id="879" dir="0" index="1" bw="4" slack="2"/>
<pin id="880" dir="1" index="2" bw="0" slack="2147483647"/>
</pin_list>
<bind>
<opcode="store(28) " fcode="store"/>
<opset="store_ln28/3 "/>
</bind>
</comp>

<comp id="882" class="1004" name="store_ln28_store_fu_882">
<pin_list>
<pin id="883" dir="0" index="0" bw="4" slack="0"/>
<pin id="884" dir="0" index="1" bw="4" slack="2"/>
<pin id="885" dir="1" index="2" bw="0" slack="2147483647"/>
</pin_list>
<bind>
<opcode="store(28) " fcode="store"/>
<opset="store_ln28/3 "/>
</bind>
</comp>

<comp id="887" class="1004" name="store_ln28_store_fu_887">
<pin_list>
<pin id="888" dir="0" index="0" bw="4" slack="0"/>
<pin id="889" dir="0" index="1" bw="4" slack="2"/>
<pin id="890" dir="1" index="2" bw="0" slack="2147483647"/>
</pin_list>
<bind>
<opcode="store(28) " fcode="store"/>
<opset="store_ln28/3 "/>
</bind>
</comp>

<comp id="892" class="1004" name="store_ln28_store_fu_892">
<pin_list>
<pin id="893" dir="0" index="0" bw="4" slack="0"/>
<pin id="894" dir="0" index="1" bw="4" slack="2"/>
<pin id="895" dir="1" index="2" bw="0" slack="2147483647"/>
</pin_list>
<bind>
<opcode="store(28) " fcode="store"/>
<opset="store_ln28/3 "/>
</bind>
</comp>

<comp id="897" class="1004" name="store_ln28_store_fu_897">
<pin_list>
<pin id="898" dir="0" index="0" bw="4" slack="0"/>
<pin id="899" dir="0" index="1" bw="4" slack="2"/>
<pin id="900" dir="1" index="2" bw="0" slack="2147483647"/>
</pin_list>
<bind>
<opcode="store(28) " fcode="store"/>
<opset="store_ln28/3 "/>
</bind>
</comp>

<comp id="902" class="1004" name="store_ln28_store_fu_902">
<pin_list>
<pin id="903" dir="0" index="0" bw="4" slack="0"/>
<pin id="904" dir="0" index="1" bw="4" slack="2"/>
<pin id="905" dir="1" index="2" bw="0" slack="2147483647"/>
</pin_list>
<bind>
<opcode="store(28) " fcode="store"/>
<opset="store_ln28/3 "/>
</bind>
</comp>

<comp id="907" class="1004" name="store_ln28_store_fu_907">
<pin_list>
<pin id="908" dir="0" index="0" bw="4" slack="0"/>
<pin id="909" dir="0" index="1" bw="4" slack="2"/>
<pin id="910" dir="1" index="2" bw="0" slack="2147483647"/>
</pin_list>
<bind>
<opcode="store(28) " fcode="store"/>
<opset="store_ln28/3 "/>
</bind>
</comp>

<comp id="912" class="1004" name="store_ln28_store_fu_912">
<pin_list>
<pin id="913" dir="0" index="0" bw="4" slack="0"/>
<pin id="914" dir="0" index="1" bw="4" slack="2"/>
<pin id="915" dir="1" index="2" bw="0" slack="2147483647"/>
</pin_list>
<bind>
<opcode="store(28) " fcode="store"/>
<opset="store_ln28/3 "/>
</bind>
</comp>

<comp id="917" class="1004" name="store_ln28_store_fu_917">
<pin_list>
<pin id="918" dir="0" index="0" bw="4" slack="0"/>
<pin id="919" dir="0" index="1" bw="4" slack="2"/>
<pin id="920" dir="1" index="2" bw="0" slack="2147483647"/>
</pin_list>
<bind>
<opcode="store(28) " fcode="store"/>
<opset="store_ln28/3 "/>
</bind>
</comp>

<comp id="922" class="1004" name="store_ln28_store_fu_922">
<pin_list>
<pin id="923" dir="0" index="0" bw="4" slack="0"/>
<pin id="924" dir="0" index="1" bw="4" slack="2"/>
<pin id="925" dir="1" index="2" bw="0" slack="2147483647"/>
</pin_list>
<bind>
<opcode="store(28) " fcode="store"/>
<opset="store_ln28/3 "/>
</bind>
</comp>

<comp id="927" class="1004" name="store_ln28_store_fu_927">
<pin_list>
<pin id="928" dir="0" index="0" bw="4" slack="0"/>
<pin id="929" dir="0" index="1" bw="4" slack="2"/>
<pin id="930" dir="1" index="2" bw="0" slack="2147483647"/>
</pin_list>
<bind>
<opcode="store(28) " fcode="store"/>
<opset="store_ln28/3 "/>
</bind>
</comp>

<comp id="932" class="1004" name="store_ln28_store_fu_932">
<pin_list>
<pin id="933" dir="0" index="0" bw="4" slack="0"/>
<pin id="934" dir="0" index="1" bw="4" slack="2"/>
<pin id="935" dir="1" index="2" bw="0" slack="2147483647"/>
</pin_list>
<bind>
<opcode="store(28) " fcode="store"/>
<opset="store_ln28/3 "/>
</bind>
</comp>

<comp id="937" class="1004" name="store_ln28_store_fu_937">
<pin_list>
<pin id="938" dir="0" index="0" bw="4" slack="0"/>
<pin id="939" dir="0" index="1" bw="4" slack="2"/>
<pin id="940" dir="1" index="2" bw="0" slack="2147483647"/>
</pin_list>
<bind>
<opcode="store(28) " fcode="store"/>
<opset="store_ln28/3 "/>
</bind>
</comp>

<comp id="942" class="1004" name="store_ln28_store_fu_942">
<pin_list>
<pin id="943" dir="0" index="0" bw="4" slack="0"/>
<pin id="944" dir="0" index="1" bw="4" slack="2"/>
<pin id="945" dir="1" index="2" bw="0" slack="2147483647"/>
</pin_list>
<bind>
<opcode="store(28) " fcode="store"/>
<opset="store_ln28/3 "/>
</bind>
</comp>

<comp id="947" class="1004" name="buffer_load_load_fu_947">
<pin_list>
<pin id="948" dir="0" index="0" bw="4" slack="1"/>
<pin id="949" dir="1" index="1" bw="4" slack="0"/>
</pin_list>
<bind>
<opcode="load(27) " fcode="load"/>
<opset="buffer_load/2 "/>
</bind>
</comp>

<comp id="951" class="1004" name="buffer_1_load_load_fu_951">
<pin_list>
<pin id="952" dir="0" index="0" bw="4" slack="1"/>
<pin id="953" dir="1" index="1" bw="4" slack="0"/>
</pin_list>
<bind>
<opcode="load(27) " fcode="load"/>
<opset="buffer_1_load/2 "/>
</bind>
</comp>

<comp id="955" class="1004" name="buffer_2_load_load_fu_955">
<pin_list>
<pin id="956" dir="0" index="0" bw="4" slack="1"/>
<pin id="957" dir="1" index="1" bw="4" slack="0"/>
</pin_list>
<bind>
<opcode="load(27) " fcode="load"/>
<opset="buffer_2_load/2 "/>
</bind>
</comp>

<comp id="959" class="1004" name="buffer_3_load_load_fu_959">
<pin_list>
<pin id="960" dir="0" index="0" bw="4" slack="1"/>
<pin id="961" dir="1" index="1" bw="4" slack="0"/>
</pin_list>
<bind>
<opcode="load(27) " fcode="load"/>
<opset="buffer_3_load/2 "/>
</bind>
</comp>

<comp id="963" class="1004" name="buffer_4_load_load_fu_963">
<pin_list>
<pin id="964" dir="0" index="0" bw="4" slack="1"/>
<pin id="965" dir="1" index="1" bw="4" slack="0"/>
</pin_list>
<bind>
<opcode="load(27) " fcode="load"/>
<opset="buffer_4_load/2 "/>
</bind>
</comp>

<comp id="967" class="1004" name="buffer_5_load_load_fu_967">
<pin_list>
<pin id="968" dir="0" index="0" bw="4" slack="1"/>
<pin id="969" dir="1" index="1" bw="4" slack="0"/>
</pin_list>
<bind>
<opcode="load(27) " fcode="load"/>
<opset="buffer_5_load/2 "/>
</bind>
</comp>

<comp id="971" class="1004" name="buffer_6_load_load_fu_971">
<pin_list>
<pin id="972" dir="0" index="0" bw="4" slack="1"/>
<pin id="973" dir="1" index="1" bw="4" slack="0"/>
</pin_list>
<bind>
<opcode="load(27) " fcode="load"/>
<opset="buffer_6_load/2 "/>
</bind>
</comp>

<comp id="975" class="1004" name="buffer_7_load_load_fu_975">
<pin_list>
<pin id="976" dir="0" index="0" bw="4" slack="1"/>
<pin id="977" dir="1" index="1" bw="4" slack="0"/>
</pin_list>
<bind>
<opcode="load(27) " fcode="load"/>
<opset="buffer_7_load/2 "/>
</bind>
</comp>

<comp id="979" class="1004" name="buffer_8_load_load_fu_979">
<pin_list>
<pin id="980" dir="0" index="0" bw="4" slack="1"/>
<pin id="981" dir="1" index="1" bw="4" slack="0"/>
</pin_list>
<bind>
<opcode="load(27) " fcode="load"/>
<opset="buffer_8_load/2 "/>
</bind>
</comp>

<comp id="983" class="1004" name="buffer_9_load_load_fu_983">
<pin_list>
<pin id="984" dir="0" index="0" bw="4" slack="1"/>
<pin id="985" dir="1" index="1" bw="4" slack="0"/>
</pin_list>
<bind>
<opcode="load(27) " fcode="load"/>
<opset="buffer_9_load/2 "/>
</bind>
</comp>

<comp id="987" class="1004" name="buffer_10_load_load_fu_987">
<pin_list>
<pin id="988" dir="0" index="0" bw="4" slack="1"/>
<pin id="989" dir="1" index="1" bw="4" slack="0"/>
</pin_list>
<bind>
<opcode="load(27) " fcode="load"/>
<opset="buffer_10_load/2 "/>
</bind>
</comp>

<comp id="991" class="1004" name="buffer_11_load_load_fu_991">
<pin_list>
<pin id="992" dir="0" index="0" bw="4" slack="1"/>
<pin id="993" dir="1" index="1" bw="4" slack="0"/>
</pin_list>
<bind>
<opcode="load(27) " fcode="load"/>
<opset="buffer_11_load/2 "/>
</bind>
</comp>

<comp id="995" class="1004" name="buffer_12_load_load_fu_995">
<pin_list>
<pin id="996" dir="0" index="0" bw="4" slack="1"/>
<pin id="997" dir="1" index="1" bw="4" slack="0"/>
</pin_list>
<bind>
<opcode="load(27) " fcode="load"/>
<opset="buffer_12_load/2 "/>
</bind>
</comp>

<comp id="999" class="1004" name="buffer_13_load_load_fu_999">
<pin_list>
<pin id="1000" dir="0" index="0" bw="4" slack="1"/>
<pin id="1001" dir="1" index="1" bw="4" slack="0"/>
</pin_list>
<bind>
<opcode="load(27) " fcode="load"/>
<opset="buffer_13_load/2 "/>
</bind>
</comp>

<comp id="1003" class="1004" name="buffer_14_load_load_fu_1003">
<pin_list>
<pin id="1004" dir="0" index="0" bw="4" slack="1"/>
<pin id="1005" dir="1" index="1" bw="4" slack="0"/>
</pin_list>
<bind>
<opcode="load(27) " fcode="load"/>
<opset="buffer_14_load/2 "/>
</bind>
</comp>

<comp id="1007" class="1004" name="buffer_15_load_load_fu_1007">
<pin_list>
<pin id="1008" dir="0" index="0" bw="4" slack="1"/>
<pin id="1009" dir="1" index="1" bw="4" slack="0"/>
</pin_list>
<bind>
<opcode="load(27) " fcode="load"/>
<opset="buffer_15_load/2 "/>
</bind>
</comp>

<comp id="1011" class="1004" name="buffer_16_load_load_fu_1011">
<pin_list>
<pin id="1012" dir="0" index="0" bw="4" slack="1"/>
<pin id="1013" dir="1" index="1" bw="4" slack="0"/>
</pin_list>
<bind>
<opcode="load(27) " fcode="load"/>
<opset="buffer_16_load/2 "/>
</bind>
</comp>

<comp id="1015" class="1004" name="buffer_17_load_load_fu_1015">
<pin_list>
<pin id="1016" dir="0" index="0" bw="4" slack="1"/>
<pin id="1017" dir="1" index="1" bw="4" slack="0"/>
</pin_list>
<bind>
<opcode="load(27) " fcode="load"/>
<opset="buffer_17_load/2 "/>
</bind>
</comp>

<comp id="1019" class="1004" name="buffer_18_load_load_fu_1019">
<pin_list>
<pin id="1020" dir="0" index="0" bw="4" slack="1"/>
<pin id="1021" dir="1" index="1" bw="4" slack="0"/>
</pin_list>
<bind>
<opcode="load(27) " fcode="load"/>
<opset="buffer_18_load/2 "/>
</bind>
</comp>

<comp id="1023" class="1004" name="buffer_19_load_load_fu_1023">
<pin_list>
<pin id="1024" dir="0" index="0" bw="4" slack="1"/>
<pin id="1025" dir="1" index="1" bw="4" slack="0"/>
</pin_list>
<bind>
<opcode="load(27) " fcode="load"/>
<opset="buffer_19_load/2 "/>
</bind>
</comp>

<comp id="1027" class="1004" name="buffer_20_load_load_fu_1027">
<pin_list>
<pin id="1028" dir="0" index="0" bw="4" slack="1"/>
<pin id="1029" dir="1" index="1" bw="4" slack="0"/>
</pin_list>
<bind>
<opcode="load(27) " fcode="load"/>
<opset="buffer_20_load/2 "/>
</bind>
</comp>

<comp id="1031" class="1004" name="buffer_21_load_load_fu_1031">
<pin_list>
<pin id="1032" dir="0" index="0" bw="4" slack="1"/>
<pin id="1033" dir="1" index="1" bw="4" slack="0"/>
</pin_list>
<bind>
<opcode="load(27) " fcode="load"/>
<opset="buffer_21_load/2 "/>
</bind>
</comp>

<comp id="1035" class="1004" name="buffer_22_load_load_fu_1035">
<pin_list>
<pin id="1036" dir="0" index="0" bw="4" slack="1"/>
<pin id="1037" dir="1" index="1" bw="4" slack="0"/>
</pin_list>
<bind>
<opcode="load(27) " fcode="load"/>
<opset="buffer_22_load/2 "/>
</bind>
</comp>

<comp id="1039" class="1004" name="buffer_23_load_load_fu_1039">
<pin_list>
<pin id="1040" dir="0" index="0" bw="4" slack="1"/>
<pin id="1041" dir="1" index="1" bw="4" slack="0"/>
</pin_list>
<bind>
<opcode="load(27) " fcode="load"/>
<opset="buffer_23_load/2 "/>
</bind>
</comp>

<comp id="1043" class="1004" name="buffer_24_load_load_fu_1043">
<pin_list>
<pin id="1044" dir="0" index="0" bw="4" slack="1"/>
<pin id="1045" dir="1" index="1" bw="4" slack="0"/>
</pin_list>
<bind>
<opcode="load(27) " fcode="load"/>
<opset="buffer_24_load/2 "/>
</bind>
</comp>

<comp id="1047" class="1004" name="buffer_25_load_load_fu_1047">
<pin_list>
<pin id="1048" dir="0" index="0" bw="4" slack="1"/>
<pin id="1049" dir="1" index="1" bw="4" slack="0"/>
</pin_list>
<bind>
<opcode="load(27) " fcode="load"/>
<opset="buffer_25_load/2 "/>
</bind>
</comp>

<comp id="1051" class="1004" name="buffer_26_load_load_fu_1051">
<pin_list>
<pin id="1052" dir="0" index="0" bw="4" slack="1"/>
<pin id="1053" dir="1" index="1" bw="4" slack="0"/>
</pin_list>
<bind>
<opcode="load(27) " fcode="load"/>
<opset="buffer_26_load/2 "/>
</bind>
</comp>

<comp id="1055" class="1004" name="buffer_27_load_load_fu_1055">
<pin_list>
<pin id="1056" dir="0" index="0" bw="4" slack="1"/>
<pin id="1057" dir="1" index="1" bw="4" slack="0"/>
</pin_list>
<bind>
<opcode="load(27) " fcode="load"/>
<opset="buffer_27_load/2 "/>
</bind>
</comp>

<comp id="1059" class="1004" name="buffer_28_load_load_fu_1059">
<pin_list>
<pin id="1060" dir="0" index="0" bw="4" slack="1"/>
<pin id="1061" dir="1" index="1" bw="4" slack="0"/>
</pin_list>
<bind>
<opcode="load(27) " fcode="load"/>
<opset="buffer_28_load/2 "/>
</bind>
</comp>

<comp id="1063" class="1004" name="buffer_29_load_load_fu_1063">
<pin_list>
<pin id="1064" dir="0" index="0" bw="4" slack="1"/>
<pin id="1065" dir="1" index="1" bw="4" slack="0"/>
</pin_list>
<bind>
<opcode="load(27) " fcode="load"/>
<opset="buffer_29_load/2 "/>
</bind>
</comp>

<comp id="1067" class="1004" name="buffer_30_load_load_fu_1067">
<pin_list>
<pin id="1068" dir="0" index="0" bw="4" slack="1"/>
<pin id="1069" dir="1" index="1" bw="4" slack="0"/>
</pin_list>
<bind>
<opcode="load(27) " fcode="load"/>
<opset="buffer_30_load/2 "/>
</bind>
</comp>

<comp id="1071" class="1004" name="buffer_31_load_load_fu_1071">
<pin_list>
<pin id="1072" dir="0" index="0" bw="4" slack="1"/>
<pin id="1073" dir="1" index="1" bw="4" slack="0"/>
</pin_list>
<bind>
<opcode="load(27) " fcode="load"/>
<opset="buffer_31_load/2 "/>
</bind>
</comp>

<comp id="1075" class="1005" name="j_reg_1075">
<pin_list>
<pin id="1076" dir="0" index="0" bw="6" slack="0"/>
<pin id="1077" dir="1" index="1" bw="6" slack="0"/>
</pin_list>
<bind>
<opset="j "/>
</bind>
</comp>

<comp id="1082" class="1005" name="buffer_reg_1082">
<pin_list>
<pin id="1083" dir="0" index="0" bw="4" slack="1"/>
<pin id="1084" dir="1" index="1" bw="4" slack="1"/>
</pin_list>
<bind>
<opset="buffer "/>
</bind>
</comp>

<comp id="1088" class="1005" name="buffer_1_reg_1088">
<pin_list>
<pin id="1089" dir="0" index="0" bw="4" slack="1"/>
<pin id="1090" dir="1" index="1" bw="4" slack="1"/>
</pin_list>
<bind>
<opset="buffer_1 "/>
</bind>
</comp>

<comp id="1094" class="1005" name="buffer_2_reg_1094">
<pin_list>
<pin id="1095" dir="0" index="0" bw="4" slack="1"/>
<pin id="1096" dir="1" index="1" bw="4" slack="1"/>
</pin_list>
<bind>
<opset="buffer_2 "/>
</bind>
</comp>

<comp id="1100" class="1005" name="buffer_3_reg_1100">
<pin_list>
<pin id="1101" dir="0" index="0" bw="4" slack="1"/>
<pin id="1102" dir="1" index="1" bw="4" slack="1"/>
</pin_list>
<bind>
<opset="buffer_3 "/>
</bind>
</comp>

<comp id="1106" class="1005" name="buffer_4_reg_1106">
<pin_list>
<pin id="1107" dir="0" index="0" bw="4" slack="1"/>
<pin id="1108" dir="1" index="1" bw="4" slack="1"/>
</pin_list>
<bind>
<opset="buffer_4 "/>
</bind>
</comp>

<comp id="1112" class="1005" name="buffer_5_reg_1112">
<pin_list>
<pin id="1113" dir="0" index="0" bw="4" slack="1"/>
<pin id="1114" dir="1" index="1" bw="4" slack="1"/>
</pin_list>
<bind>
<opset="buffer_5 "/>
</bind>
</comp>

<comp id="1118" class="1005" name="buffer_6_reg_1118">
<pin_list>
<pin id="1119" dir="0" index="0" bw="4" slack="1"/>
<pin id="1120" dir="1" index="1" bw="4" slack="1"/>
</pin_list>
<bind>
<opset="buffer_6 "/>
</bind>
</comp>

<comp id="1124" class="1005" name="buffer_7_reg_1124">
<pin_list>
<pin id="1125" dir="0" index="0" bw="4" slack="1"/>
<pin id="1126" dir="1" index="1" bw="4" slack="1"/>
</pin_list>
<bind>
<opset="buffer_7 "/>
</bind>
</comp>

<comp id="1130" class="1005" name="buffer_8_reg_1130">
<pin_list>
<pin id="1131" dir="0" index="0" bw="4" slack="1"/>
<pin id="1132" dir="1" index="1" bw="4" slack="1"/>
</pin_list>
<bind>
<opset="buffer_8 "/>
</bind>
</comp>

<comp id="1136" class="1005" name="buffer_9_reg_1136">
<pin_list>
<pin id="1137" dir="0" index="0" bw="4" slack="1"/>
<pin id="1138" dir="1" index="1" bw="4" slack="1"/>
</pin_list>
<bind>
<opset="buffer_9 "/>
</bind>
</comp>

<comp id="1142" class="1005" name="buffer_10_reg_1142">
<pin_list>
<pin id="1143" dir="0" index="0" bw="4" slack="1"/>
<pin id="1144" dir="1" index="1" bw="4" slack="1"/>
</pin_list>
<bind>
<opset="buffer_10 "/>
</bind>
</comp>

<comp id="1148" class="1005" name="buffer_11_reg_1148">
<pin_list>
<pin id="1149" dir="0" index="0" bw="4" slack="1"/>
<pin id="1150" dir="1" index="1" bw="4" slack="1"/>
</pin_list>
<bind>
<opset="buffer_11 "/>
</bind>
</comp>

<comp id="1154" class="1005" name="buffer_12_reg_1154">
<pin_list>
<pin id="1155" dir="0" index="0" bw="4" slack="1"/>
<pin id="1156" dir="1" index="1" bw="4" slack="1"/>
</pin_list>
<bind>
<opset="buffer_12 "/>
</bind>
</comp>

<comp id="1160" class="1005" name="buffer_13_reg_1160">
<pin_list>
<pin id="1161" dir="0" index="0" bw="4" slack="1"/>
<pin id="1162" dir="1" index="1" bw="4" slack="1"/>
</pin_list>
<bind>
<opset="buffer_13 "/>
</bind>
</comp>

<comp id="1166" class="1005" name="buffer_14_reg_1166">
<pin_list>
<pin id="1167" dir="0" index="0" bw="4" slack="1"/>
<pin id="1168" dir="1" index="1" bw="4" slack="1"/>
</pin_list>
<bind>
<opset="buffer_14 "/>
</bind>
</comp>

<comp id="1172" class="1005" name="buffer_15_reg_1172">
<pin_list>
<pin id="1173" dir="0" index="0" bw="4" slack="1"/>
<pin id="1174" dir="1" index="1" bw="4" slack="1"/>
</pin_list>
<bind>
<opset="buffer_15 "/>
</bind>
</comp>

<comp id="1178" class="1005" name="buffer_16_reg_1178">
<pin_list>
<pin id="1179" dir="0" index="0" bw="4" slack="1"/>
<pin id="1180" dir="1" index="1" bw="4" slack="1"/>
</pin_list>
<bind>
<opset="buffer_16 "/>
</bind>
</comp>

<comp id="1184" class="1005" name="buffer_17_reg_1184">
<pin_list>
<pin id="1185" dir="0" index="0" bw="4" slack="1"/>
<pin id="1186" dir="1" index="1" bw="4" slack="1"/>
</pin_list>
<bind>
<opset="buffer_17 "/>
</bind>
</comp>

<comp id="1190" class="1005" name="buffer_18_reg_1190">
<pin_list>
<pin id="1191" dir="0" index="0" bw="4" slack="1"/>
<pin id="1192" dir="1" index="1" bw="4" slack="1"/>
</pin_list>
<bind>
<opset="buffer_18 "/>
</bind>
</comp>

<comp id="1196" class="1005" name="buffer_19_reg_1196">
<pin_list>
<pin id="1197" dir="0" index="0" bw="4" slack="1"/>
<pin id="1198" dir="1" index="1" bw="4" slack="1"/>
</pin_list>
<bind>
<opset="buffer_19 "/>
</bind>
</comp>

<comp id="1202" class="1005" name="buffer_20_reg_1202">
<pin_list>
<pin id="1203" dir="0" index="0" bw="4" slack="1"/>
<pin id="1204" dir="1" index="1" bw="4" slack="1"/>
</pin_list>
<bind>
<opset="buffer_20 "/>
</bind>
</comp>

<comp id="1208" class="1005" name="buffer_21_reg_1208">
<pin_list>
<pin id="1209" dir="0" index="0" bw="4" slack="1"/>
<pin id="1210" dir="1" index="1" bw="4" slack="1"/>
</pin_list>
<bind>
<opset="buffer_21 "/>
</bind>
</comp>

<comp id="1214" class="1005" name="buffer_22_reg_1214">
<pin_list>
<pin id="1215" dir="0" index="0" bw="4" slack="1"/>
<pin id="1216" dir="1" index="1" bw="4" slack="1"/>
</pin_list>
<bind>
<opset="buffer_22 "/>
</bind>
</comp>

<comp id="1220" class="1005" name="buffer_23_reg_1220">
<pin_list>
<pin id="1221" dir="0" index="0" bw="4" slack="1"/>
<pin id="1222" dir="1" index="1" bw="4" slack="1"/>
</pin_list>
<bind>
<opset="buffer_23 "/>
</bind>
</comp>

<comp id="1226" class="1005" name="buffer_24_reg_1226">
<pin_list>
<pin id="1227" dir="0" index="0" bw="4" slack="1"/>
<pin id="1228" dir="1" index="1" bw="4" slack="1"/>
</pin_list>
<bind>
<opset="buffer_24 "/>
</bind>
</comp>

<comp id="1232" class="1005" name="buffer_25_reg_1232">
<pin_list>
<pin id="1233" dir="0" index="0" bw="4" slack="1"/>
<pin id="1234" dir="1" index="1" bw="4" slack="1"/>
</pin_list>
<bind>
<opset="buffer_25 "/>
</bind>
</comp>

<comp id="1238" class="1005" name="buffer_26_reg_1238">
<pin_list>
<pin id="1239" dir="0" index="0" bw="4" slack="1"/>
<pin id="1240" dir="1" index="1" bw="4" slack="1"/>
</pin_list>
<bind>
<opset="buffer_26 "/>
</bind>
</comp>

<comp id="1244" class="1005" name="buffer_27_reg_1244">
<pin_list>
<pin id="1245" dir="0" index="0" bw="4" slack="1"/>
<pin id="1246" dir="1" index="1" bw="4" slack="1"/>
</pin_list>
<bind>
<opset="buffer_27 "/>
</bind>
</comp>

<comp id="1250" class="1005" name="buffer_28_reg_1250">
<pin_list>
<pin id="1251" dir="0" index="0" bw="4" slack="1"/>
<pin id="1252" dir="1" index="1" bw="4" slack="1"/>
</pin_list>
<bind>
<opset="buffer_28 "/>
</bind>
</comp>

<comp id="1256" class="1005" name="buffer_29_reg_1256">
<pin_list>
<pin id="1257" dir="0" index="0" bw="4" slack="1"/>
<pin id="1258" dir="1" index="1" bw="4" slack="1"/>
</pin_list>
<bind>
<opset="buffer_29 "/>
</bind>
</comp>

<comp id="1262" class="1005" name="buffer_30_reg_1262">
<pin_list>
<pin id="1263" dir="0" index="0" bw="4" slack="1"/>
<pin id="1264" dir="1" index="1" bw="4" slack="1"/>
</pin_list>
<bind>
<opset="buffer_30 "/>
</bind>
</comp>

<comp id="1268" class="1005" name="buffer_31_reg_1268">
<pin_list>
<pin id="1269" dir="0" index="0" bw="4" slack="1"/>
<pin id="1270" dir="1" index="1" bw="4" slack="1"/>
</pin_list>
<bind>
<opset="buffer_31 "/>
</bind>
</comp>

<comp id="1274" class="1005" name="icmp_ln32_reg_1274">
<pin_list>
<pin id="1275" dir="0" index="0" bw="1" slack="1"/>
<pin id="1276" dir="1" index="1" bw="1" slack="2147483647"/>
</pin_list>
<bind>
<opset="icmp_ln32 "/>
</bind>
</comp>

<comp id="1278" class="1005" name="trunc_ln32_reg_1278">
<pin_list>
<pin id="1279" dir="0" index="0" bw="5" slack="2"/>
<pin id="1280" dir="1" index="1" bw="5" slack="2147483647"/>
</pin_list>
<bind>
<opset="trunc_ln32 "/>
</bind>
</comp>

<comp id="1282" class="1005" name="xs_sign_reg_1282">
<pin_list>
<pin id="1283" dir="0" index="0" bw="1" slack="1"/>
<pin id="1284" dir="1" index="1" bw="1" slack="1"/>
</pin_list>
<bind>
<opset="xs_sign "/>
</bind>
</comp>

<comp id="1287" class="1005" name="trunc_ln342_reg_1287">
<pin_list>
<pin id="1288" dir="0" index="0" bw="23" slack="1"/>
<pin id="1289" dir="1" index="1" bw="23" slack="1"/>
</pin_list>
<bind>
<opset="trunc_ln342 "/>
</bind>
</comp>

<comp id="1292" class="1005" name="tmp_reg_1292">
<pin_list>
<pin id="1293" dir="0" index="0" bw="1" slack="1"/>
<pin id="1294" dir="1" index="1" bw="1" slack="1"/>
</pin_list>
<bind>
<opset="tmp "/>
</bind>
</comp>

<comp id="1297" class="1005" name="select_ln18_reg_1297">
<pin_list>
<pin id="1298" dir="0" index="0" bw="9" slack="1"/>
<pin id="1299" dir="1" index="1" bw="9" slack="1"/>
</pin_list>
<bind>
<opset="select_ln18 "/>
</bind>
</comp>

<comp id="1302" class="1005" name="result_reg_1302">
<pin_list>
<pin id="1303" dir="0" index="0" bw="8" slack="1"/>
<pin id="1304" dir="1" index="1" bw="8" slack="1"/>
</pin_list>
<bind>
<opset="result "/>
</bind>
</comp>

<comp id="1307" class="1005" name="tmp_1_reg_1307">
<pin_list>
<pin id="1308" dir="0" index="0" bw="5" slack="1"/>
<pin id="1309" dir="1" index="1" bw="5" slack="1"/>
</pin_list>
<bind>
<opset="tmp_1 "/>
</bind>
</comp>

</comp_list>

<net_list>
<net id="219"><net_src comp="72" pin="0"/><net_sink comp="216" pin=0"/></net>

<net id="223"><net_src comp="72" pin="0"/><net_sink comp="220" pin=0"/></net>

<net id="227"><net_src comp="72" pin="0"/><net_sink comp="224" pin=0"/></net>

<net id="231"><net_src comp="72" pin="0"/><net_sink comp="228" pin=0"/></net>

<net id="235"><net_src comp="72" pin="0"/><net_sink comp="232" pin=0"/></net>

<net id="239"><net_src comp="72" pin="0"/><net_sink comp="236" pin=0"/></net>

<net id="243"><net_src comp="72" pin="0"/><net_sink comp="240" pin=0"/></net>

<net id="247"><net_src comp="72" pin="0"/><net_sink comp="244" pin=0"/></net>

<net id="251"><net_src comp="72" pin="0"/><net_sink comp="248" pin=0"/></net>

<net id="255"><net_src comp="72" pin="0"/><net_sink comp="252" pin=0"/></net>

<net id="259"><net_src comp="72" pin="0"/><net_sink comp="256" pin=0"/></net>

<net id="263"><net_src comp="72" pin="0"/><net_sink comp="260" pin=0"/></net>

<net id="267"><net_src comp="72" pin="0"/><net_sink comp="264" pin=0"/></net>

<net id="271"><net_src comp="72" pin="0"/><net_sink comp="268" pin=0"/></net>

<net id="275"><net_src comp="72" pin="0"/><net_sink comp="272" pin=0"/></net>

<net id="279"><net_src comp="72" pin="0"/><net_sink comp="276" pin=0"/></net>

<net id="283"><net_src comp="72" pin="0"/><net_sink comp="280" pin=0"/></net>

<net id="287"><net_src comp="72" pin="0"/><net_sink comp="284" pin=0"/></net>

<net id="291"><net_src comp="72" pin="0"/><net_sink comp="288" pin=0"/></net>

<net id="295"><net_src comp="72" pin="0"/><net_sink comp="292" pin=0"/></net>

<net id="299"><net_src comp="72" pin="0"/><net_sink comp="296" pin=0"/></net>

<net id="303"><net_src comp="72" pin="0"/><net_sink comp="300" pin=0"/></net>

<net id="307"><net_src comp="72" pin="0"/><net_sink comp="304" pin=0"/></net>

<net id="311"><net_src comp="72" pin="0"/><net_sink comp="308" pin=0"/></net>

<net id="315"><net_src comp="72" pin="0"/><net_sink comp="312" pin=0"/></net>

<net id="319"><net_src comp="72" pin="0"/><net_sink comp="316" pin=0"/></net>

<net id="323"><net_src comp="72" pin="0"/><net_sink comp="320" pin=0"/></net>

<net id="327"><net_src comp="72" pin="0"/><net_sink comp="324" pin=0"/></net>

<net id="331"><net_src comp="72" pin="0"/><net_sink comp="328" pin=0"/></net>

<net id="335"><net_src comp="72" pin="0"/><net_sink comp="332" pin=0"/></net>

<net id="339"><net_src comp="72" pin="0"/><net_sink comp="336" pin=0"/></net>

<net id="343"><net_src comp="72" pin="0"/><net_sink comp="340" pin=0"/></net>

<net id="347"><net_src comp="72" pin="0"/><net_sink comp="344" pin=0"/></net>

<net id="355"><net_src comp="98" pin="0"/><net_sink comp="348" pin=0"/></net>

<net id="356"><net_src comp="0" pin="0"/><net_sink comp="348" pin=1"/></net>

<net id="357"><net_src comp="2" pin="0"/><net_sink comp="348" pin=2"/></net>

<net id="358"><net_src comp="4" pin="0"/><net_sink comp="348" pin=3"/></net>

<net id="359"><net_src comp="6" pin="0"/><net_sink comp="348" pin=4"/></net>

<net id="365"><net_src comp="214" pin="0"/><net_sink comp="360" pin=0"/></net>

<net id="366"><net_src comp="8" pin="0"/><net_sink comp="360" pin=1"/></net>

<net id="372"><net_src comp="214" pin="0"/><net_sink comp="367" pin=0"/></net>

<net id="373"><net_src comp="10" pin="0"/><net_sink comp="367" pin=1"/></net>

<net id="379"><net_src comp="214" pin="0"/><net_sink comp="374" pin=0"/></net>

<net id="380"><net_src comp="12" pin="0"/><net_sink comp="374" pin=1"/></net>

<net id="386"><net_src comp="214" pin="0"/><net_sink comp="381" pin=0"/></net>

<net id="387"><net_src comp="14" pin="0"/><net_sink comp="381" pin=1"/></net>

<net id="393"><net_src comp="214" pin="0"/><net_sink comp="388" pin=0"/></net>

<net id="394"><net_src comp="16" pin="0"/><net_sink comp="388" pin=1"/></net>

<net id="400"><net_src comp="214" pin="0"/><net_sink comp="395" pin=0"/></net>

<net id="401"><net_src comp="18" pin="0"/><net_sink comp="395" pin=1"/></net>

<net id="407"><net_src comp="214" pin="0"/><net_sink comp="402" pin=0"/></net>

<net id="408"><net_src comp="20" pin="0"/><net_sink comp="402" pin=1"/></net>

<net id="414"><net_src comp="214" pin="0"/><net_sink comp="409" pin=0"/></net>

<net id="415"><net_src comp="22" pin="0"/><net_sink comp="409" pin=1"/></net>

<net id="421"><net_src comp="214" pin="0"/><net_sink comp="416" pin=0"/></net>

<net id="422"><net_src comp="24" pin="0"/><net_sink comp="416" pin=1"/></net>

<net id="428"><net_src comp="214" pin="0"/><net_sink comp="423" pin=0"/></net>

<net id="429"><net_src comp="26" pin="0"/><net_sink comp="423" pin=1"/></net>

<net id="435"><net_src comp="214" pin="0"/><net_sink comp="430" pin=0"/></net>

<net id="436"><net_src comp="28" pin="0"/><net_sink comp="430" pin=1"/></net>

<net id="442"><net_src comp="214" pin="0"/><net_sink comp="437" pin=0"/></net>

<net id="443"><net_src comp="30" pin="0"/><net_sink comp="437" pin=1"/></net>

<net id="449"><net_src comp="214" pin="0"/><net_sink comp="444" pin=0"/></net>

<net id="450"><net_src comp="32" pin="0"/><net_sink comp="444" pin=1"/></net>

<net id="456"><net_src comp="214" pin="0"/><net_sink comp="451" pin=0"/></net>

<net id="457"><net_src comp="34" pin="0"/><net_sink comp="451" pin=1"/></net>

<net id="463"><net_src comp="214" pin="0"/><net_sink comp="458" pin=0"/></net>

<net id="464"><net_src comp="36" pin="0"/><net_sink comp="458" pin=1"/></net>

<net id="470"><net_src comp="214" pin="0"/><net_sink comp="465" pin=0"/></net>

<net id="471"><net_src comp="38" pin="0"/><net_sink comp="465" pin=1"/></net>

<net id="477"><net_src comp="214" pin="0"/><net_sink comp="472" pin=0"/></net>

<net id="478"><net_src comp="40" pin="0"/><net_sink comp="472" pin=1"/></net>

<net id="484"><net_src comp="214" pin="0"/><net_sink comp="479" pin=0"/></net>

<net id="485"><net_src comp="42" pin="0"/><net_sink comp="479" pin=1"/></net>

<net id="491"><net_src comp="214" pin="0"/><net_sink comp="486" pin=0"/></net>

<net id="492"><net_src comp="44" pin="0"/><net_sink comp="486" pin=1"/></net>

<net id="498"><net_src comp="214" pin="0"/><net_sink comp="493" pin=0"/></net>

<net id="499"><net_src comp="46" pin="0"/><net_sink comp="493" pin=1"/></net>

<net id="505"><net_src comp="214" pin="0"/><net_sink comp="500" pin=0"/></net>

<net id="506"><net_src comp="48" pin="0"/><net_sink comp="500" pin=1"/></net>

<net id="512"><net_src comp="214" pin="0"/><net_sink comp="507" pin=0"/></net>

<net id="513"><net_src comp="50" pin="0"/><net_sink comp="507" pin=1"/></net>

<net id="519"><net_src comp="214" pin="0"/><net_sink comp="514" pin=0"/></net>

<net id="520"><net_src comp="52" pin="0"/><net_sink comp="514" pin=1"/></net>

<net id="526"><net_src comp="214" pin="0"/><net_sink comp="521" pin=0"/></net>

<net id="527"><net_src comp="54" pin="0"/><net_sink comp="521" pin=1"/></net>

<net id="533"><net_src comp="214" pin="0"/><net_sink comp="528" pin=0"/></net>

<net id="534"><net_src comp="56" pin="0"/><net_sink comp="528" pin=1"/></net>

<net id="540"><net_src comp="214" pin="0"/><net_sink comp="535" pin=0"/></net>

<net id="541"><net_src comp="58" pin="0"/><net_sink comp="535" pin=1"/></net>

<net id="547"><net_src comp="214" pin="0"/><net_sink comp="542" pin=0"/></net>

<net id="548"><net_src comp="60" pin="0"/><net_sink comp="542" pin=1"/></net>

<net id="554"><net_src comp="214" pin="0"/><net_sink comp="549" pin=0"/></net>

<net id="555"><net_src comp="62" pin="0"/><net_sink comp="549" pin=1"/></net>

<net id="561"><net_src comp="214" pin="0"/><net_sink comp="556" pin=0"/></net>

<net id="562"><net_src comp="64" pin="0"/><net_sink comp="556" pin=1"/></net>

<net id="568"><net_src comp="214" pin="0"/><net_sink comp="563" pin=0"/></net>

<net id="569"><net_src comp="66" pin="0"/><net_sink comp="563" pin=1"/></net>

<net id="575"><net_src comp="214" pin="0"/><net_sink comp="570" pin=0"/></net>

<net id="576"><net_src comp="68" pin="0"/><net_sink comp="570" pin=1"/></net>

<net id="582"><net_src comp="214" pin="0"/><net_sink comp="577" pin=0"/></net>

<net id="583"><net_src comp="70" pin="0"/><net_sink comp="577" pin=1"/></net>

<net id="588"><net_src comp="92" pin="0"/><net_sink comp="584" pin=0"/></net>

<net id="596"><net_src comp="589" pin="1"/><net_sink comp="592" pin=0"/></net>

<net id="597"><net_src comp="94" pin="0"/><net_sink comp="592" pin=1"/></net>

<net id="602"><net_src comp="589" pin="1"/><net_sink comp="598" pin=0"/></net>

<net id="603"><net_src comp="96" pin="0"/><net_sink comp="598" pin=1"/></net>

<net id="607"><net_src comp="589" pin="1"/><net_sink comp="604" pin=0"/></net>

<net id="611"><net_src comp="348" pin="5"/><net_sink comp="608" pin=0"/></net>

<net id="617"><net_src comp="100" pin="0"/><net_sink comp="612" pin=0"/></net>

<net id="618"><net_src comp="608" pin="1"/><net_sink comp="612" pin=1"/></net>

<net id="619"><net_src comp="102" pin="0"/><net_sink comp="612" pin=2"/></net>

<net id="626"><net_src comp="104" pin="0"/><net_sink comp="620" pin=0"/></net>

<net id="627"><net_src comp="608" pin="1"/><net_sink comp="620" pin=1"/></net>

<net id="628"><net_src comp="106" pin="0"/><net_sink comp="620" pin=2"/></net>

<net id="629"><net_src comp="108" pin="0"/><net_sink comp="620" pin=3"/></net>

<net id="633"><net_src comp="608" pin="1"/><net_sink comp="630" pin=0"/></net>

<net id="637"><net_src comp="620" pin="4"/><net_sink comp="634" pin=0"/></net>

<net id="642"><net_src comp="634" pin="1"/><net_sink comp="638" pin=0"/></net>

<net id="643"><net_src comp="110" pin="0"/><net_sink comp="638" pin=1"/></net>

<net id="649"><net_src comp="112" pin="0"/><net_sink comp="644" pin=0"/></net>

<net id="650"><net_src comp="638" pin="2"/><net_sink comp="644" pin=1"/></net>

<net id="651"><net_src comp="114" pin="0"/><net_sink comp="644" pin=2"/></net>

<net id="656"><net_src comp="116" pin="0"/><net_sink comp="652" pin=0"/></net>

<net id="657"><net_src comp="620" pin="4"/><net_sink comp="652" pin=1"/></net>

<net id="661"><net_src comp="652" pin="2"/><net_sink comp="658" pin=0"/></net>

<net id="667"><net_src comp="644" pin="3"/><net_sink comp="662" pin=0"/></net>

<net id="668"><net_src comp="658" pin="1"/><net_sink comp="662" pin=1"/></net>

<net id="669"><net_src comp="638" pin="2"/><net_sink comp="662" pin=2"/></net>

<net id="674"><net_src comp="598" pin="2"/><net_sink comp="670" pin=0"/></net>

<net id="681"><net_src comp="180" pin="0"/><net_sink comp="675" pin=0"/></net>

<net id="682"><net_src comp="182" pin="0"/><net_sink comp="675" pin=1"/></net>

<net id="683"><net_src comp="184" pin="0"/><net_sink comp="675" pin=3"/></net>

<net id="687"><net_src comp="675" pin="4"/><net_sink comp="684" pin=0"/></net>

<net id="694"><net_src comp="688" pin="1"/><net_sink comp="691" pin=0"/></net>

<net id="699"><net_src comp="684" pin="1"/><net_sink comp="695" pin=0"/></net>

<net id="700"><net_src comp="691" pin="1"/><net_sink comp="695" pin=1"/></net>

<net id="705"><net_src comp="684" pin="1"/><net_sink comp="701" pin=0"/></net>

<net id="706"><net_src comp="691" pin="1"/><net_sink comp="701" pin=1"/></net>

<net id="713"><net_src comp="186" pin="0"/><net_sink comp="707" pin=0"/></net>

<net id="714"><net_src comp="695" pin="2"/><net_sink comp="707" pin=1"/></net>

<net id="715"><net_src comp="188" pin="0"/><net_sink comp="707" pin=2"/></net>

<net id="716"><net_src comp="102" pin="0"/><net_sink comp="707" pin=3"/></net>

<net id="723"><net_src comp="186" pin="0"/><net_sink comp="717" pin=0"/></net>

<net id="724"><net_src comp="701" pin="2"/><net_sink comp="717" pin=1"/></net>

<net id="725"><net_src comp="188" pin="0"/><net_sink comp="717" pin=2"/></net>

<net id="726"><net_src comp="102" pin="0"/><net_sink comp="717" pin=3"/></net>

<net id="732"><net_src comp="707" pin="4"/><net_sink comp="727" pin=1"/></net>

<net id="733"><net_src comp="717" pin="4"/><net_sink comp="727" pin=2"/></net>

<net id="738"><net_src comp="190" pin="0"/><net_sink comp="734" pin=0"/></net>

<net id="739"><net_src comp="727" pin="3"/><net_sink comp="734" pin=1"/></net>

<net id="745"><net_src comp="734" pin="2"/><net_sink comp="740" pin=1"/></net>

<net id="746"><net_src comp="727" pin="3"/><net_sink comp="740" pin=2"/></net>

<net id="753"><net_src comp="192" pin="0"/><net_sink comp="747" pin=0"/></net>

<net id="754"><net_src comp="740" pin="3"/><net_sink comp="747" pin=1"/></net>

<net id="755"><net_src comp="194" pin="0"/><net_sink comp="747" pin=2"/></net>

<net id="756"><net_src comp="196" pin="0"/><net_sink comp="747" pin=3"/></net>

<net id="761"><net_src comp="118" pin="0"/><net_sink comp="757" pin=1"/></net>

<net id="767"><net_src comp="757" pin="2"/><net_sink comp="762" pin=0"/></net>

<net id="768"><net_src comp="208" pin="0"/><net_sink comp="762" pin=1"/></net>

<net id="773"><net_src comp="762" pin="3"/><net_sink comp="769" pin=0"/></net>

<net id="774"><net_src comp="210" pin="0"/><net_sink comp="769" pin=1"/></net>

<net id="778"><net_src comp="762" pin="3"/><net_sink comp="775" pin=0"/></net>

<net id="784"><net_src comp="769" pin="2"/><net_sink comp="779" pin=0"/></net>

<net id="785"><net_src comp="212" pin="0"/><net_sink comp="779" pin=1"/></net>

<net id="786"><net_src comp="775" pin="1"/><net_sink comp="779" pin=2"/></net>

<net id="791"><net_src comp="779" pin="3"/><net_sink comp="787" pin=0"/></net>

<net id="796"><net_src comp="779" pin="3"/><net_sink comp="792" pin=0"/></net>

<net id="801"><net_src comp="779" pin="3"/><net_sink comp="797" pin=0"/></net>

<net id="806"><net_src comp="779" pin="3"/><net_sink comp="802" pin=0"/></net>

<net id="811"><net_src comp="779" pin="3"/><net_sink comp="807" pin=0"/></net>

<net id="816"><net_src comp="779" pin="3"/><net_sink comp="812" pin=0"/></net>

<net id="821"><net_src comp="779" pin="3"/><net_sink comp="817" pin=0"/></net>

<net id="826"><net_src comp="779" pin="3"/><net_sink comp="822" pin=0"/></net>

<net id="831"><net_src comp="779" pin="3"/><net_sink comp="827" pin=0"/></net>

<net id="836"><net_src comp="779" pin="3"/><net_sink comp="832" pin=0"/></net>

<net id="841"><net_src comp="779" pin="3"/><net_sink comp="837" pin=0"/></net>

<net id="846"><net_src comp="779" pin="3"/><net_sink comp="842" pin=0"/></net>

<net id="851"><net_src comp="779" pin="3"/><net_sink comp="847" pin=0"/></net>

<net id="856"><net_src comp="779" pin="3"/><net_sink comp="852" pin=0"/></net>

<net id="861"><net_src comp="779" pin="3"/><net_sink comp="857" pin=0"/></net>

<net id="866"><net_src comp="779" pin="3"/><net_sink comp="862" pin=0"/></net>

<net id="871"><net_src comp="779" pin="3"/><net_sink comp="867" pin=0"/></net>

<net id="876"><net_src comp="779" pin="3"/><net_sink comp="872" pin=0"/></net>

<net id="881"><net_src comp="779" pin="3"/><net_sink comp="877" pin=0"/></net>

<net id="886"><net_src comp="779" pin="3"/><net_sink comp="882" pin=0"/></net>

<net id="891"><net_src comp="779" pin="3"/><net_sink comp="887" pin=0"/></net>

<net id="896"><net_src comp="779" pin="3"/><net_sink comp="892" pin=0"/></net>

<net id="901"><net_src comp="779" pin="3"/><net_sink comp="897" pin=0"/></net>

<net id="906"><net_src comp="779" pin="3"/><net_sink comp="902" pin=0"/></net>

<net id="911"><net_src comp="779" pin="3"/><net_sink comp="907" pin=0"/></net>

<net id="916"><net_src comp="779" pin="3"/><net_sink comp="912" pin=0"/></net>

<net id="921"><net_src comp="779" pin="3"/><net_sink comp="917" pin=0"/></net>

<net id="926"><net_src comp="779" pin="3"/><net_sink comp="922" pin=0"/></net>

<net id="931"><net_src comp="779" pin="3"/><net_sink comp="927" pin=0"/></net>

<net id="936"><net_src comp="779" pin="3"/><net_sink comp="932" pin=0"/></net>

<net id="941"><net_src comp="779" pin="3"/><net_sink comp="937" pin=0"/></net>

<net id="946"><net_src comp="779" pin="3"/><net_sink comp="942" pin=0"/></net>

<net id="950"><net_src comp="947" pin="1"/><net_sink comp="577" pin=2"/></net>

<net id="954"><net_src comp="951" pin="1"/><net_sink comp="570" pin=2"/></net>

<net id="958"><net_src comp="955" pin="1"/><net_sink comp="563" pin=2"/></net>

<net id="962"><net_src comp="959" pin="1"/><net_sink comp="556" pin=2"/></net>

<net id="966"><net_src comp="963" pin="1"/><net_sink comp="549" pin=2"/></net>

<net id="970"><net_src comp="967" pin="1"/><net_sink comp="542" pin=2"/></net>

<net id="974"><net_src comp="971" pin="1"/><net_sink comp="535" pin=2"/></net>

<net id="978"><net_src comp="975" pin="1"/><net_sink comp="528" pin=2"/></net>

<net id="982"><net_src comp="979" pin="1"/><net_sink comp="521" pin=2"/></net>

<net id="986"><net_src comp="983" pin="1"/><net_sink comp="514" pin=2"/></net>

<net id="990"><net_src comp="987" pin="1"/><net_sink comp="507" pin=2"/></net>

<net id="994"><net_src comp="991" pin="1"/><net_sink comp="500" pin=2"/></net>

<net id="998"><net_src comp="995" pin="1"/><net_sink comp="493" pin=2"/></net>

<net id="1002"><net_src comp="999" pin="1"/><net_sink comp="486" pin=2"/></net>

<net id="1006"><net_src comp="1003" pin="1"/><net_sink comp="479" pin=2"/></net>

<net id="1010"><net_src comp="1007" pin="1"/><net_sink comp="472" pin=2"/></net>

<net id="1014"><net_src comp="1011" pin="1"/><net_sink comp="465" pin=2"/></net>

<net id="1018"><net_src comp="1015" pin="1"/><net_sink comp="458" pin=2"/></net>

<net id="1022"><net_src comp="1019" pin="1"/><net_sink comp="451" pin=2"/></net>

<net id="1026"><net_src comp="1023" pin="1"/><net_sink comp="444" pin=2"/></net>

<net id="1030"><net_src comp="1027" pin="1"/><net_sink comp="437" pin=2"/></net>

<net id="1034"><net_src comp="1031" pin="1"/><net_sink comp="430" pin=2"/></net>

<net id="1038"><net_src comp="1035" pin="1"/><net_sink comp="423" pin=2"/></net>

<net id="1042"><net_src comp="1039" pin="1"/><net_sink comp="416" pin=2"/></net>

<net id="1046"><net_src comp="1043" pin="1"/><net_sink comp="409" pin=2"/></net>

<net id="1050"><net_src comp="1047" pin="1"/><net_sink comp="402" pin=2"/></net>

<net id="1054"><net_src comp="1051" pin="1"/><net_sink comp="395" pin=2"/></net>

<net id="1058"><net_src comp="1055" pin="1"/><net_sink comp="388" pin=2"/></net>

<net id="1062"><net_src comp="1059" pin="1"/><net_sink comp="381" pin=2"/></net>

<net id="1066"><net_src comp="1063" pin="1"/><net_sink comp="374" pin=2"/></net>

<net id="1070"><net_src comp="1067" pin="1"/><net_sink comp="367" pin=2"/></net>

<net id="1074"><net_src comp="1071" pin="1"/><net_sink comp="360" pin=2"/></net>

<net id="1078"><net_src comp="216" pin="1"/><net_sink comp="1075" pin=0"/></net>

<net id="1079"><net_src comp="1075" pin="1"/><net_sink comp="584" pin=1"/></net>

<net id="1080"><net_src comp="1075" pin="1"/><net_sink comp="589" pin=0"/></net>

<net id="1081"><net_src comp="1075" pin="1"/><net_sink comp="670" pin=1"/></net>

<net id="1085"><net_src comp="220" pin="1"/><net_sink comp="1082" pin=0"/></net>

<net id="1086"><net_src comp="1082" pin="1"/><net_sink comp="937" pin=1"/></net>

<net id="1087"><net_src comp="1082" pin="1"/><net_sink comp="947" pin=0"/></net>

<net id="1091"><net_src comp="224" pin="1"/><net_sink comp="1088" pin=0"/></net>

<net id="1092"><net_src comp="1088" pin="1"/><net_sink comp="932" pin=1"/></net>

<net id="1093"><net_src comp="1088" pin="1"/><net_sink comp="951" pin=0"/></net>

<net id="1097"><net_src comp="228" pin="1"/><net_sink comp="1094" pin=0"/></net>

<net id="1098"><net_src comp="1094" pin="1"/><net_sink comp="927" pin=1"/></net>

<net id="1099"><net_src comp="1094" pin="1"/><net_sink comp="955" pin=0"/></net>

<net id="1103"><net_src comp="232" pin="1"/><net_sink comp="1100" pin=0"/></net>

<net id="1104"><net_src comp="1100" pin="1"/><net_sink comp="922" pin=1"/></net>

<net id="1105"><net_src comp="1100" pin="1"/><net_sink comp="959" pin=0"/></net>

<net id="1109"><net_src comp="236" pin="1"/><net_sink comp="1106" pin=0"/></net>

<net id="1110"><net_src comp="1106" pin="1"/><net_sink comp="917" pin=1"/></net>

<net id="1111"><net_src comp="1106" pin="1"/><net_sink comp="963" pin=0"/></net>

<net id="1115"><net_src comp="240" pin="1"/><net_sink comp="1112" pin=0"/></net>

<net id="1116"><net_src comp="1112" pin="1"/><net_sink comp="912" pin=1"/></net>

<net id="1117"><net_src comp="1112" pin="1"/><net_sink comp="967" pin=0"/></net>

<net id="1121"><net_src comp="244" pin="1"/><net_sink comp="1118" pin=0"/></net>

<net id="1122"><net_src comp="1118" pin="1"/><net_sink comp="907" pin=1"/></net>

<net id="1123"><net_src comp="1118" pin="1"/><net_sink comp="971" pin=0"/></net>

<net id="1127"><net_src comp="248" pin="1"/><net_sink comp="1124" pin=0"/></net>

<net id="1128"><net_src comp="1124" pin="1"/><net_sink comp="902" pin=1"/></net>

<net id="1129"><net_src comp="1124" pin="1"/><net_sink comp="975" pin=0"/></net>

<net id="1133"><net_src comp="252" pin="1"/><net_sink comp="1130" pin=0"/></net>

<net id="1134"><net_src comp="1130" pin="1"/><net_sink comp="897" pin=1"/></net>

<net id="1135"><net_src comp="1130" pin="1"/><net_sink comp="979" pin=0"/></net>

<net id="1139"><net_src comp="256" pin="1"/><net_sink comp="1136" pin=0"/></net>

<net id="1140"><net_src comp="1136" pin="1"/><net_sink comp="892" pin=1"/></net>

<net id="1141"><net_src comp="1136" pin="1"/><net_sink comp="983" pin=0"/></net>

<net id="1145"><net_src comp="260" pin="1"/><net_sink comp="1142" pin=0"/></net>

<net id="1146"><net_src comp="1142" pin="1"/><net_sink comp="887" pin=1"/></net>

<net id="1147"><net_src comp="1142" pin="1"/><net_sink comp="987" pin=0"/></net>

<net id="1151"><net_src comp="264" pin="1"/><net_sink comp="1148" pin=0"/></net>

<net id="1152"><net_src comp="1148" pin="1"/><net_sink comp="882" pin=1"/></net>

<net id="1153"><net_src comp="1148" pin="1"/><net_sink comp="991" pin=0"/></net>

<net id="1157"><net_src comp="268" pin="1"/><net_sink comp="1154" pin=0"/></net>

<net id="1158"><net_src comp="1154" pin="1"/><net_sink comp="877" pin=1"/></net>

<net id="1159"><net_src comp="1154" pin="1"/><net_sink comp="995" pin=0"/></net>

<net id="1163"><net_src comp="272" pin="1"/><net_sink comp="1160" pin=0"/></net>

<net id="1164"><net_src comp="1160" pin="1"/><net_sink comp="872" pin=1"/></net>

<net id="1165"><net_src comp="1160" pin="1"/><net_sink comp="999" pin=0"/></net>

<net id="1169"><net_src comp="276" pin="1"/><net_sink comp="1166" pin=0"/></net>

<net id="1170"><net_src comp="1166" pin="1"/><net_sink comp="867" pin=1"/></net>

<net id="1171"><net_src comp="1166" pin="1"/><net_sink comp="1003" pin=0"/></net>

<net id="1175"><net_src comp="280" pin="1"/><net_sink comp="1172" pin=0"/></net>

<net id="1176"><net_src comp="1172" pin="1"/><net_sink comp="862" pin=1"/></net>

<net id="1177"><net_src comp="1172" pin="1"/><net_sink comp="1007" pin=0"/></net>

<net id="1181"><net_src comp="284" pin="1"/><net_sink comp="1178" pin=0"/></net>

<net id="1182"><net_src comp="1178" pin="1"/><net_sink comp="857" pin=1"/></net>

<net id="1183"><net_src comp="1178" pin="1"/><net_sink comp="1011" pin=0"/></net>

<net id="1187"><net_src comp="288" pin="1"/><net_sink comp="1184" pin=0"/></net>

<net id="1188"><net_src comp="1184" pin="1"/><net_sink comp="852" pin=1"/></net>

<net id="1189"><net_src comp="1184" pin="1"/><net_sink comp="1015" pin=0"/></net>

<net id="1193"><net_src comp="292" pin="1"/><net_sink comp="1190" pin=0"/></net>

<net id="1194"><net_src comp="1190" pin="1"/><net_sink comp="847" pin=1"/></net>

<net id="1195"><net_src comp="1190" pin="1"/><net_sink comp="1019" pin=0"/></net>

<net id="1199"><net_src comp="296" pin="1"/><net_sink comp="1196" pin=0"/></net>

<net id="1200"><net_src comp="1196" pin="1"/><net_sink comp="842" pin=1"/></net>

<net id="1201"><net_src comp="1196" pin="1"/><net_sink comp="1023" pin=0"/></net>

<net id="1205"><net_src comp="300" pin="1"/><net_sink comp="1202" pin=0"/></net>

<net id="1206"><net_src comp="1202" pin="1"/><net_sink comp="837" pin=1"/></net>

<net id="1207"><net_src comp="1202" pin="1"/><net_sink comp="1027" pin=0"/></net>

<net id="1211"><net_src comp="304" pin="1"/><net_sink comp="1208" pin=0"/></net>

<net id="1212"><net_src comp="1208" pin="1"/><net_sink comp="832" pin=1"/></net>

<net id="1213"><net_src comp="1208" pin="1"/><net_sink comp="1031" pin=0"/></net>

<net id="1217"><net_src comp="308" pin="1"/><net_sink comp="1214" pin=0"/></net>

<net id="1218"><net_src comp="1214" pin="1"/><net_sink comp="827" pin=1"/></net>

<net id="1219"><net_src comp="1214" pin="1"/><net_sink comp="1035" pin=0"/></net>

<net id="1223"><net_src comp="312" pin="1"/><net_sink comp="1220" pin=0"/></net>

<net id="1224"><net_src comp="1220" pin="1"/><net_sink comp="822" pin=1"/></net>

<net id="1225"><net_src comp="1220" pin="1"/><net_sink comp="1039" pin=0"/></net>

<net id="1229"><net_src comp="316" pin="1"/><net_sink comp="1226" pin=0"/></net>

<net id="1230"><net_src comp="1226" pin="1"/><net_sink comp="817" pin=1"/></net>

<net id="1231"><net_src comp="1226" pin="1"/><net_sink comp="1043" pin=0"/></net>

<net id="1235"><net_src comp="320" pin="1"/><net_sink comp="1232" pin=0"/></net>

<net id="1236"><net_src comp="1232" pin="1"/><net_sink comp="812" pin=1"/></net>

<net id="1237"><net_src comp="1232" pin="1"/><net_sink comp="1047" pin=0"/></net>

<net id="1241"><net_src comp="324" pin="1"/><net_sink comp="1238" pin=0"/></net>

<net id="1242"><net_src comp="1238" pin="1"/><net_sink comp="807" pin=1"/></net>

<net id="1243"><net_src comp="1238" pin="1"/><net_sink comp="1051" pin=0"/></net>

<net id="1247"><net_src comp="328" pin="1"/><net_sink comp="1244" pin=0"/></net>

<net id="1248"><net_src comp="1244" pin="1"/><net_sink comp="802" pin=1"/></net>

<net id="1249"><net_src comp="1244" pin="1"/><net_sink comp="1055" pin=0"/></net>

<net id="1253"><net_src comp="332" pin="1"/><net_sink comp="1250" pin=0"/></net>

<net id="1254"><net_src comp="1250" pin="1"/><net_sink comp="797" pin=1"/></net>

<net id="1255"><net_src comp="1250" pin="1"/><net_sink comp="1059" pin=0"/></net>

<net id="1259"><net_src comp="336" pin="1"/><net_sink comp="1256" pin=0"/></net>

<net id="1260"><net_src comp="1256" pin="1"/><net_sink comp="792" pin=1"/></net>

<net id="1261"><net_src comp="1256" pin="1"/><net_sink comp="1063" pin=0"/></net>

<net id="1265"><net_src comp="340" pin="1"/><net_sink comp="1262" pin=0"/></net>

<net id="1266"><net_src comp="1262" pin="1"/><net_sink comp="787" pin=1"/></net>

<net id="1267"><net_src comp="1262" pin="1"/><net_sink comp="1067" pin=0"/></net>

<net id="1271"><net_src comp="344" pin="1"/><net_sink comp="1268" pin=0"/></net>

<net id="1272"><net_src comp="1268" pin="1"/><net_sink comp="942" pin=1"/></net>

<net id="1273"><net_src comp="1268" pin="1"/><net_sink comp="1071" pin=0"/></net>

<net id="1277"><net_src comp="592" pin="2"/><net_sink comp="1274" pin=0"/></net>

<net id="1281"><net_src comp="604" pin="1"/><net_sink comp="1278" pin=0"/></net>

<net id="1285"><net_src comp="612" pin="3"/><net_sink comp="1282" pin=0"/></net>

<net id="1286"><net_src comp="1282" pin="1"/><net_sink comp="740" pin=0"/></net>

<net id="1290"><net_src comp="630" pin="1"/><net_sink comp="1287" pin=0"/></net>

<net id="1291"><net_src comp="1287" pin="1"/><net_sink comp="675" pin=2"/></net>

<net id="1295"><net_src comp="644" pin="3"/><net_sink comp="1292" pin=0"/></net>

<net id="1296"><net_src comp="1292" pin="1"/><net_sink comp="727" pin=0"/></net>

<net id="1300"><net_src comp="662" pin="3"/><net_sink comp="1297" pin=0"/></net>

<net id="1301"><net_src comp="1297" pin="1"/><net_sink comp="688" pin=0"/></net>

<net id="1305"><net_src comp="740" pin="3"/><net_sink comp="1302" pin=0"/></net>

<net id="1306"><net_src comp="1302" pin="1"/><net_sink comp="762" pin=2"/></net>

<net id="1310"><net_src comp="747" pin="4"/><net_sink comp="1307" pin=0"/></net>

<net id="1311"><net_src comp="1307" pin="1"/><net_sink comp="757" pin=0"/></net>

</net_list>

</model> 
---------------- Datapath Model END ------------------

* FSMD analyzer results:
  - Output states:
	Port: buffer_31_out | {2 }
	Port: buffer_30_out | {2 }
	Port: buffer_29_out | {2 }
	Port: buffer_28_out | {2 }
	Port: buffer_27_out | {2 }
	Port: buffer_26_out | {2 }
	Port: buffer_25_out | {2 }
	Port: buffer_24_out | {2 }
	Port: buffer_23_out | {2 }
	Port: buffer_22_out | {2 }
	Port: buffer_21_out | {2 }
	Port: buffer_20_out | {2 }
	Port: buffer_19_out | {2 }
	Port: buffer_18_out | {2 }
	Port: buffer_17_out | {2 }
	Port: buffer_16_out | {2 }
	Port: buffer_15_out | {2 }
	Port: buffer_14_out | {2 }
	Port: buffer_13_out | {2 }
	Port: buffer_12_out | {2 }
	Port: buffer_11_out | {2 }
	Port: buffer_10_out | {2 }
	Port: buffer_9_out | {2 }
	Port: buffer_8_out | {2 }
	Port: buffer_7_out | {2 }
	Port: buffer_6_out | {2 }
	Port: buffer_5_out | {2 }
	Port: buffer_4_out | {2 }
	Port: buffer_3_out | {2 }
	Port: buffer_2_out | {2 }
	Port: buffer_1_out | {2 }
	Port: buffer_out | {2 }
 - Input state : 
	Port: pack_int4_transpose_Pipeline_read_loop : in_stream_V_data_V | {1 }
	Port: pack_int4_transpose_Pipeline_read_loop : in_stream_V_keep_V | {1 }
	Port: pack_int4_transpose_Pipeline_read_loop : in_stream_V_strb_V | {1 }
	Port: pack_int4_transpose_Pipeline_read_loop : in_stream_V_last_V | {1 }
  - Chain level:
	State 1
		store_ln32 : 1
		j_1 : 1
		icmp_ln32 : 2
		add_ln32 : 2
		br_ln32 : 3
		trunc_ln32 : 2
		xs_sign : 1
		xs_exp : 1
		trunc_ln342 : 1
		zext_ln317 : 2
		add_ln317 : 3
		tmp : 4
		sub_ln18 : 2
		sext_ln18 : 3
		select_ln18 : 5
		switch_ln44 : 3
		store_ln32 : 3
	State 2
		zext_ln15 : 1
		zext_ln18 : 1
		lshr_ln18 : 2
		shl_ln18 : 2
		tmp_3 : 3
		tmp_4 : 3
		val : 4
		sub_ln59 : 5
		result : 6
		tmp_1 : 7
		write_ln0 : 1
		write_ln0 : 1
		write_ln0 : 1
		write_ln0 : 1
		write_ln0 : 1
		write_ln0 : 1
		write_ln0 : 1
		write_ln0 : 1
		write_ln0 : 1
		write_ln0 : 1
		write_ln0 : 1
		write_ln0 : 1
		write_ln0 : 1
		write_ln0 : 1
		write_ln0 : 1
		write_ln0 : 1
		write_ln0 : 1
		write_ln0 : 1
		write_ln0 : 1
		write_ln0 : 1
		write_ln0 : 1
		write_ln0 : 1
		write_ln0 : 1
		write_ln0 : 1
		write_ln0 : 1
		write_ln0 : 1
		write_ln0 : 1
		write_ln0 : 1
		write_ln0 : 1
		write_ln0 : 1
		write_ln0 : 1
		write_ln0 : 1
	State 3
		i8_1 : 1
		icmp_ln42 : 2
		trunc_ln44 : 2
		buffer_32 : 3
		store_ln28 : 4
		store_ln28 : 4
		store_ln28 : 4
		store_ln28 : 4
		store_ln28 : 4
		store_ln28 : 4
		store_ln28 : 4
		store_ln28 : 4
		store_ln28 : 4
		store_ln28 : 4
		store_ln28 : 4
		store_ln28 : 4
		store_ln28 : 4
		store_ln28 : 4
		store_ln28 : 4
		store_ln28 : 4
		store_ln28 : 4
		store_ln28 : 4
		store_ln28 : 4
		store_ln28 : 4
		store_ln28 : 4
		store_ln28 : 4
		store_ln28 : 4
		store_ln28 : 4
		store_ln28 : 4
		store_ln28 : 4
		store_ln28 : 4
		store_ln28 : 4
		store_ln28 : 4
		store_ln28 : 4
		store_ln28 : 4
		store_ln28 : 4


============================================================
+ Verbose Summary: Datapath Resource usage 
============================================================

* Functional unit list:
|----------|------------------------|---------|---------|
| Operation|     Functional Unit    |    FF   |   LUT   |
|----------|------------------------|---------|---------|
|   lshr   |    lshr_ln18_fu_695    |    0    |    92   |
|----------|------------------------|---------|---------|
|    shl   |     shl_ln18_fu_701    |    0    |    92   |
|----------|------------------------|---------|---------|
|          |    icmp_ln32_fu_592    |    0    |    13   |
|   icmp   |    icmp_ln41_fu_757    |    0    |    12   |
|          |    icmp_ln42_fu_769    |    0    |    15   |
|----------|------------------------|---------|---------|
|          |   select_ln18_fu_662   |    0    |    9    |
|          |       val_fu_727       |    0    |    8    |
|  select  |      result_fu_740     |    0    |    8    |
|          |       i8_1_fu_762      |    0    |    8    |
|          |    buffer_32_fu_779    |    0    |    4    |
|----------|------------------------|---------|---------|
|    sub   |     sub_ln18_fu_652    |    0    |    15   |
|          |     sub_ln59_fu_734    |    0    |    15   |
|----------|------------------------|---------|---------|
|    add   |     add_ln32_fu_598    |    0    |    13   |
|          |    add_ln317_fu_638    |    0    |    15   |
|----------|------------------------|---------|---------|
|   read   |    empty_read_fu_348   |    0    |    0    |
|----------|------------------------|---------|---------|
|          | write_ln0_write_fu_360 |    0    |    0    |
|          | write_ln0_write_fu_367 |    0    |    0    |
|          | write_ln0_write_fu_374 |    0    |    0    |
|          | write_ln0_write_fu_381 |    0    |    0    |
|          | write_ln0_write_fu_388 |    0    |    0    |
|          | write_ln0_write_fu_395 |    0    |    0    |
|          | write_ln0_write_fu_402 |    0    |    0    |
|          | write_ln0_write_fu_409 |    0    |    0    |
|          | write_ln0_write_fu_416 |    0    |    0    |
|          | write_ln0_write_fu_423 |    0    |    0    |
|          | write_ln0_write_fu_430 |    0    |    0    |
|          | write_ln0_write_fu_437 |    0    |    0    |
|          | write_ln0_write_fu_444 |    0    |    0    |
|          | write_ln0_write_fu_451 |    0    |    0    |
|          | write_ln0_write_fu_458 |    0    |    0    |
|   write  | write_ln0_write_fu_465 |    0    |    0    |
|          | write_ln0_write_fu_472 |    0    |    0    |
|          | write_ln0_write_fu_479 |    0    |    0    |
|          | write_ln0_write_fu_486 |    0    |    0    |
|          | write_ln0_write_fu_493 |    0    |    0    |
|          | write_ln0_write_fu_500 |    0    |    0    |
|          | write_ln0_write_fu_507 |    0    |    0    |
|          | write_ln0_write_fu_514 |    0    |    0    |
|          | write_ln0_write_fu_521 |    0    |    0    |
|          | write_ln0_write_fu_528 |    0    |    0    |
|          | write_ln0_write_fu_535 |    0    |    0    |
|          | write_ln0_write_fu_542 |    0    |    0    |
|          | write_ln0_write_fu_549 |    0    |    0    |
|          | write_ln0_write_fu_556 |    0    |    0    |
|          | write_ln0_write_fu_563 |    0    |    0    |
|          | write_ln0_write_fu_570 |    0    |    0    |
|          | write_ln0_write_fu_577 |    0    |    0    |
|----------|------------------------|---------|---------|
|          |    trunc_ln32_fu_604   |    0    |    0    |
|   trunc  |   trunc_ln342_fu_630   |    0    |    0    |
|          |    trunc_ln44_fu_775   |    0    |    0    |
|----------|------------------------|---------|---------|
|extractvalue|     f_p_data_fu_608    |    0    |    0    |
|----------|------------------------|---------|---------|
| bitselect|     xs_sign_fu_612     |    0    |    0    |
|          |       tmp_fu_644       |    0    |    0    |
|----------|------------------------|---------|---------|
|          |      xs_exp_fu_620     |    0    |    0    |
|partselect|      tmp_3_fu_707      |    0    |    0    |
|          |      tmp_4_fu_717      |    0    |    0    |
|          |      tmp_1_fu_747      |    0    |    0    |
|----------|------------------------|---------|---------|
|          |    zext_ln317_fu_634   |    0    |    0    |
|   zext   |    zext_ln15_fu_684    |    0    |    0    |
|          |    zext_ln18_fu_691    |    0    |    0    |
|----------|------------------------|---------|---------|
|   sext   |    sext_ln18_fu_658    |    0    |    0    |
|          |   sext_ln18_1_fu_688   |    0    |    0    |
|----------|------------------------|---------|---------|
|bitconcatenate|     mantissa_fu_675    |    0    |    0    |
|----------|------------------------|---------|---------|
|   Total  |                        |    0    |   319   |
|----------|------------------------|---------|---------|

Memories:
N/A

* Register list:
+--------------------+--------+
|                    |   FF   |
+--------------------+--------+
| buffer_10_reg_1142 |    4   |
| buffer_11_reg_1148 |    4   |
| buffer_12_reg_1154 |    4   |
| buffer_13_reg_1160 |    4   |
| buffer_14_reg_1166 |    4   |
| buffer_15_reg_1172 |    4   |
| buffer_16_reg_1178 |    4   |
| buffer_17_reg_1184 |    4   |
| buffer_18_reg_1190 |    4   |
| buffer_19_reg_1196 |    4   |
|  buffer_1_reg_1088 |    4   |
| buffer_20_reg_1202 |    4   |
| buffer_21_reg_1208 |    4   |
| buffer_22_reg_1214 |    4   |
| buffer_23_reg_1220 |    4   |
| buffer_24_reg_1226 |    4   |
| buffer_25_reg_1232 |    4   |
| buffer_26_reg_1238 |    4   |
| buffer_27_reg_1244 |    4   |
| buffer_28_reg_1250 |    4   |
| buffer_29_reg_1256 |    4   |
|  buffer_2_reg_1094 |    4   |
| buffer_30_reg_1262 |    4   |
| buffer_31_reg_1268 |    4   |
|  buffer_3_reg_1100 |    4   |
|  buffer_4_reg_1106 |    4   |
|  buffer_5_reg_1112 |    4   |
|  buffer_6_reg_1118 |    4   |
|  buffer_7_reg_1124 |    4   |
|  buffer_8_reg_1130 |    4   |
|  buffer_9_reg_1136 |    4   |
|   buffer_reg_1082  |    4   |
| icmp_ln32_reg_1274 |    1   |
|     j_reg_1075     |    6   |
|   result_reg_1302  |    8   |
|select_ln18_reg_1297|    9   |
|   tmp_1_reg_1307   |    5   |
|    tmp_reg_1292    |    1   |
| trunc_ln32_reg_1278|    5   |
|trunc_ln342_reg_1287|   23   |
|  xs_sign_reg_1282  |    1   |
+--------------------+--------+
|        Total       |   187  |
+--------------------+--------+

* Multiplexer (MUX) list: 
|--------|------|------|------|--------|
|  Comp  |  Pin | Size |  BW  | S x BW |
|--------|------|------|------|--------|
|  Total |      |      |      |    0   |
|--------|------|------|------|--------|



* Summary:
+-----------+--------+--------+
|           |   FF   |   LUT  |
+-----------+--------+--------+
|  Function |    0   |   319  |
|   Memory  |    -   |    -   |
|Multiplexer|    -   |    -   |
|  Register |   187  |    -   |
+-----------+--------+--------+
|   Total   |   187  |   319  |
+-----------+--------+--------+
