

================================================================
== Vitis HLS Report for 'pack_int4_transpose'
================================================================
* Date:           Sun Jan 25 13:09:51 2026

* Version:        2024.1 (Build 5069499 on May 21 2024)
* Project:        pack_int4_transpose_prj
* Solution:       sol1 (Vivado IP Flow Target)
* Product family: virtexuplus
* Target device:  xcvu9p-flga2104-2-i


================================================================
== Performance Estimates
================================================================
+ Timing: 
    * Summary: 
    +--------+---------+----------+------------+
    |  Clock |  Target | Estimated| Uncertainty|
    +--------+---------+----------+------------+
    |ap_clk  |  3.33 ns|  2.364 ns|     0.90 ns|
    +--------+---------+----------+------------+

+ Latency: 
    * Summary: 
    +---------+------------+----------+-----------+-----+------------+---------+
    |   Latency (cycles)   |  Latency (absolute)  |     Interval     | Pipeline|
    |   min   |     max    |    min   |    max    | min |     max    |   Type  |
    +---------+------------+----------+-----------+-----+------------+---------+
    |        2|  2617245659|  6.660 ns|  8.715 sec|    3|  2617245660|       no|
    +---------+------------+----------+-----------+-----+------------+---------+

    + Detail: 
        * Instance: 
        +---------------------------------------------------+----------------------------------------+---------+---------+----------+----------+-----+-----+-----------------------------------------------+
        |                                                   |                                        |  Latency (cycles) |  Latency (absolute) |  Interval |                    Pipeline                   |
        |                      Instance                     |                 Module                 |   min   |   max   |    min   |    max   | min | max |                      Type                     |
        +---------------------------------------------------+----------------------------------------+---------+---------+----------+----------+-----+-----+-----------------------------------------------+
        |grp_pack_int4_transpose_Pipeline_read_loop_fu_254  |pack_int4_transpose_Pipeline_read_loop  |       35|       35|  0.117 us|  0.117 us|   33|   33|  loop auto-rewind stp(delay=0 clock cycles(s))|
        +---------------------------------------------------+----------------------------------------+---------+---------+----------+----------+-----+-----+-----------------------------------------------+

        * Loop: 
        +--------------+---------+------------+----------+-----------+-----------+--------------+----------+
        |              |   Latency (cycles)   | Iteration|  Initiation Interval  |     Trip     |          |
        |   Loop Name  |   min   |     max    |  Latency |  achieved |   target  |     Count    | Pipelined|
        +--------------+---------+------------+----------+-----------+-----------+--------------+----------+
        |- block_loop  |        0|  2617245657|        39|          -|          -|  0 ~ 67108863|        no|
        +--------------+---------+------------+----------+-----------+-----------+--------------+----------+



================================================================
== Utilization Estimates
================================================================
* Summary: 
+---------------------+---------+------+---------+---------+-----+
|         Name        | BRAM_18K|  DSP |    FF   |   LUT   | URAM|
+---------------------+---------+------+---------+---------+-----+
|DSP                  |        -|     -|        -|        -|    -|
|Expression           |        -|     -|        0|      241|    -|
|FIFO                 |        -|     -|        -|        -|    -|
|Instance             |        0|     -|      298|      619|    0|
|Memory               |        -|     -|        -|        -|    -|
|Multiplexer          |        -|     -|        0|       64|    -|
|Register             |        -|     -|      146|        -|    -|
+---------------------+---------+------+---------+---------+-----+
|Total                |        0|     0|      444|      924|    0|
+---------------------+---------+------+---------+---------+-----+
|Available SLR        |     1440|  2280|   788160|   394080|  320|
+---------------------+---------+------+---------+---------+-----+
|Utilization SLR (%)  |        0|     0|       ~0|       ~0|    0|
+---------------------+---------+------+---------+---------+-----+
|Available            |     4320|  6840|  2364480|  1182240|  960|
+---------------------+---------+------+---------+---------+-----+
|Utilization (%)      |        0|     0|       ~0|       ~0|    0|
+---------------------+---------+------+---------+---------+-----+

+ Detail: 
    * Instance: 
    +---------------------------------------------------+----------------------------------------+---------+----+-----+-----+-----+
    |                      Instance                     |                 Module                 | BRAM_18K| DSP|  FF | LUT | URAM|
    +---------------------------------------------------+----------------------------------------+---------+----+-----+-----+-----+
    |control_s_axi_U                                    |control_s_axi                           |        0|   0|   74|  104|    0|
    |grp_pack_int4_transpose_Pipeline_read_loop_fu_254  |pack_int4_transpose_Pipeline_read_loop  |        0|   0|  224|  515|    0|
    +---------------------------------------------------+----------------------------------------+---------+----+-----+-----+-----+
    |Total                                              |                                        |        0|   0|  298|  619|    0|
    +---------------------------------------------------+----------------------------------------+---------+----+-----+-----+-----+

    * DSP: 
    N/A

    * Memory: 
    N/A

    * FIFO: 
    N/A

    * Expression: 
    +----------------------+----------+----+---+----+------------+------------+
    |     Variable Name    | Operation| DSP| FF| LUT| Bitwidth P0| Bitwidth P1|
    +----------------------+----------+----+---+----+------------+------------+
    |i_2_fu_374_p2         |         +|   0|  0|  34|          27|           1|
    |sub_fu_356_p2         |         +|   0|  0|  35|          28|           2|
    |sub_ln21_1_fu_340_p2  |         -|   0|  0|  35|           1|          28|
    |sub_ln21_fu_306_p2    |         -|   0|  0|  39|           1|          32|
    |icmp_ln23_fu_369_p2   |      icmp|   0|  0|  35|          28|          28|
    |p_out_last_fu_380_p2  |      icmp|   0|  0|  35|          28|          28|
    |num_blocks_fu_349_p3  |    select|   0|  0|  28|           1|          28|
    +----------------------+----------+----+---+----+------------+------------+
    |Total                 |          |   0|  0| 241|         114|         147|
    +----------------------+----------+----+---+----+------------+------------+

    * Multiplexer: 
    +-------------------------------+----+-----------+-----+-----------+
    |              Name             | LUT| Input Size| Bits| Total Bits|
    +-------------------------------+----+-----------+-----+-----------+
    |ap_NS_fsm                      |  37|          7|    1|          7|
    |i_fu_98                        |   9|          2|   27|         54|
    |in_stream_TREADY_int_regslice  |   9|          2|    1|          2|
    |out_stream_TDATA_blk_n         |   9|          2|    1|          2|
    +-------------------------------+----+-----------+-----+-----------+
    |Total                          |  64|         13|   30|         65|
    +-------------------------------+----+-----------+-----+-----------+

    * Register: 
    +----------------------------------------------------------------+----+----+-----+-----------+
    |                              Name                              | FF | LUT| Bits| Const Bits|
    +----------------------------------------------------------------+----+----+-----+-----------+
    |ap_CS_fsm                                                       |   6|   0|    6|          0|
    |grp_pack_int4_transpose_Pipeline_read_loop_fu_254_ap_start_reg  |   1|   0|    1|          0|
    |i_fu_98                                                         |  27|   0|   27|          0|
    |num_blocks_reg_769                                              |  28|   0|   28|          0|
    |p_out_last_reg_782                                              |   1|   0|    1|          0|
    |sub_reg_774                                                     |  28|   0|   28|          0|
    |tmp_1_reg_759                                                   |  27|   0|   27|          0|
    |tmp_2_reg_764                                                   |  27|   0|   27|          0|
    |tmp_reg_754                                                     |   1|   0|    1|          0|
    +----------------------------------------------------------------+----+----+-----+-----------+
    |Total                                                           | 146|   0|  146|          0|
    +----------------------------------------------------------------+----+----+-----+-----------+



================================================================
== Interface
================================================================
* Summary: 
+-----------------------+-----+-----+------------+---------------------+--------------+
|       RTL Ports       | Dir | Bits|  Protocol  |    Source Object    |    C Type    |
+-----------------------+-----+-----+------------+---------------------+--------------+
|s_axi_control_AWVALID  |   in|    1|       s_axi|              control|        scalar|
|s_axi_control_AWREADY  |  out|    1|       s_axi|              control|        scalar|
|s_axi_control_AWADDR   |   in|    5|       s_axi|              control|        scalar|
|s_axi_control_WVALID   |   in|    1|       s_axi|              control|        scalar|
|s_axi_control_WREADY   |  out|    1|       s_axi|              control|        scalar|
|s_axi_control_WDATA    |   in|   32|       s_axi|              control|        scalar|
|s_axi_control_WSTRB    |   in|    4|       s_axi|              control|        scalar|
|s_axi_control_ARVALID  |   in|    1|       s_axi|              control|        scalar|
|s_axi_control_ARREADY  |  out|    1|       s_axi|              control|        scalar|
|s_axi_control_ARADDR   |   in|    5|       s_axi|              control|        scalar|
|s_axi_control_RVALID   |  out|    1|       s_axi|              control|        scalar|
|s_axi_control_RREADY   |   in|    1|       s_axi|              control|        scalar|
|s_axi_control_RDATA    |  out|   32|       s_axi|              control|        scalar|
|s_axi_control_RRESP    |  out|    2|       s_axi|              control|        scalar|
|s_axi_control_BVALID   |  out|    1|       s_axi|              control|        scalar|
|s_axi_control_BREADY   |   in|    1|       s_axi|              control|        scalar|
|s_axi_control_BRESP    |  out|    2|       s_axi|              control|        scalar|
|ap_clk                 |   in|    1|  ap_ctrl_hs|  pack_int4_transpose|  return value|
|ap_rst_n               |   in|    1|  ap_ctrl_hs|  pack_int4_transpose|  return value|
|interrupt              |  out|    1|  ap_ctrl_hs|  pack_int4_transpose|  return value|
|in_stream_TDATA        |   in|   32|        axis|   in_stream_V_data_V|       pointer|
|in_stream_TVALID       |   in|    1|        axis|   in_stream_V_last_V|       pointer|
|in_stream_TREADY       |  out|    1|        axis|   in_stream_V_last_V|       pointer|
|in_stream_TLAST        |   in|    1|        axis|   in_stream_V_last_V|       pointer|
|in_stream_TKEEP        |   in|    4|        axis|   in_stream_V_keep_V|       pointer|
|in_stream_TSTRB        |   in|    4|        axis|   in_stream_V_strb_V|       pointer|
|out_stream_TDATA       |  out|  128|        axis|  out_stream_V_data_V|       pointer|
|out_stream_TVALID      |  out|    1|        axis|  out_stream_V_last_V|       pointer|
|out_stream_TREADY      |   in|    1|        axis|  out_stream_V_last_V|       pointer|
|out_stream_TLAST       |  out|    1|        axis|  out_stream_V_last_V|       pointer|
|out_stream_TKEEP       |  out|   16|        axis|  out_stream_V_keep_V|       pointer|
|out_stream_TSTRB       |  out|   16|        axis|  out_stream_V_strb_V|       pointer|
+-----------------------+-----+-----+------------+---------------------+--------------+

============================================================
+ Verbose Summary: Synthesis Manager
============================================================
InlineROM: 1
ExposeGlobal: 0
============================================================
+ Verbose Summary: CDFG Model
============================================================
IsTopModel: 1
ResetActiveHigh: 1
IsCombinational: 2
IsDatapathOnly: 2
HasWiredReturn: 1
HasMFsm: 0
HasVarLatency: 1
IsPipeline: 0
IsRtlPipelined: 0
IsInstanceOverlapped: 0
IsDontTouch: 0
HasImplIP: 0
IsGatedGlobalClock: 0


============================================================
+ Verbose Summary: Schedule
============================================================
* Number of FSM states : 6
* Pipeline : 0
* Dataflow Pipeline: 0

* FSM state transitions: 
1 --> 2 
2 --> 3 
3 --> 4 
4 --> 5 
5 --> 6 
6 --> 3 

* FSM state operations: 

State 1 <SV = 0> <Delay = 1.88>
ST_1 : Operation 7 [1/1] (0.00ns)   --->   "%i = alloca i32 1" [kernel.cpp:23]   --->   Operation 7 'alloca' 'i' <Predicate = true> <Delay = 0.00>
ST_1 : Operation 8 [1/1] (1.00ns)   --->   "%num_elements_read = read i32 @_ssdm_op_Read.s_axilite.i32, i32 %num_elements"   --->   Operation 8 'read' 'num_elements_read' <Predicate = true> <Delay = 1.00> <CoreInst = "s_axilite">   --->   Core 120 's_axilite' <Latency = 0> <II = 1> <Delay = 1.00> <Adapter> <Opcode : 'read' 'write'>
ST_1 : Operation 9 [1/1] (0.00ns)   --->   "%buffer_loc = alloca i64 1"   --->   Operation 9 'alloca' 'buffer_loc' <Predicate = true> <Delay = 0.00>
ST_1 : Operation 10 [1/1] (0.00ns)   --->   "%buffer_1_loc = alloca i64 1"   --->   Operation 10 'alloca' 'buffer_1_loc' <Predicate = true> <Delay = 0.00>
ST_1 : Operation 11 [1/1] (0.00ns)   --->   "%buffer_2_loc = alloca i64 1"   --->   Operation 11 'alloca' 'buffer_2_loc' <Predicate = true> <Delay = 0.00>
ST_1 : Operation 12 [1/1] (0.00ns)   --->   "%buffer_3_loc = alloca i64 1"   --->   Operation 12 'alloca' 'buffer_3_loc' <Predicate = true> <Delay = 0.00>
ST_1 : Operation 13 [1/1] (0.00ns)   --->   "%buffer_4_loc = alloca i64 1"   --->   Operation 13 'alloca' 'buffer_4_loc' <Predicate = true> <Delay = 0.00>
ST_1 : Operation 14 [1/1] (0.00ns)   --->   "%buffer_5_loc = alloca i64 1"   --->   Operation 14 'alloca' 'buffer_5_loc' <Predicate = true> <Delay = 0.00>
ST_1 : Operation 15 [1/1] (0.00ns)   --->   "%buffer_6_loc = alloca i64 1"   --->   Operation 15 'alloca' 'buffer_6_loc' <Predicate = true> <Delay = 0.00>
ST_1 : Operation 16 [1/1] (0.00ns)   --->   "%buffer_7_loc = alloca i64 1"   --->   Operation 16 'alloca' 'buffer_7_loc' <Predicate = true> <Delay = 0.00>
ST_1 : Operation 17 [1/1] (0.00ns)   --->   "%buffer_8_loc = alloca i64 1"   --->   Operation 17 'alloca' 'buffer_8_loc' <Predicate = true> <Delay = 0.00>
ST_1 : Operation 18 [1/1] (0.00ns)   --->   "%buffer_9_loc = alloca i64 1"   --->   Operation 18 'alloca' 'buffer_9_loc' <Predicate = true> <Delay = 0.00>
ST_1 : Operation 19 [1/1] (0.00ns)   --->   "%buffer_10_loc = alloca i64 1"   --->   Operation 19 'alloca' 'buffer_10_loc' <Predicate = true> <Delay = 0.00>
ST_1 : Operation 20 [1/1] (0.00ns)   --->   "%buffer_11_loc = alloca i64 1"   --->   Operation 20 'alloca' 'buffer_11_loc' <Predicate = true> <Delay = 0.00>
ST_1 : Operation 21 [1/1] (0.00ns)   --->   "%buffer_12_loc = alloca i64 1"   --->   Operation 21 'alloca' 'buffer_12_loc' <Predicate = true> <Delay = 0.00>
ST_1 : Operation 22 [1/1] (0.00ns)   --->   "%buffer_13_loc = alloca i64 1"   --->   Operation 22 'alloca' 'buffer_13_loc' <Predicate = true> <Delay = 0.00>
ST_1 : Operation 23 [1/1] (0.00ns)   --->   "%buffer_14_loc = alloca i64 1"   --->   Operation 23 'alloca' 'buffer_14_loc' <Predicate = true> <Delay = 0.00>
ST_1 : Operation 24 [1/1] (0.00ns)   --->   "%buffer_15_loc = alloca i64 1"   --->   Operation 24 'alloca' 'buffer_15_loc' <Predicate = true> <Delay = 0.00>
ST_1 : Operation 25 [1/1] (0.00ns)   --->   "%buffer_16_loc = alloca i64 1"   --->   Operation 25 'alloca' 'buffer_16_loc' <Predicate = true> <Delay = 0.00>
ST_1 : Operation 26 [1/1] (0.00ns)   --->   "%buffer_17_loc = alloca i64 1"   --->   Operation 26 'alloca' 'buffer_17_loc' <Predicate = true> <Delay = 0.00>
ST_1 : Operation 27 [1/1] (0.00ns)   --->   "%buffer_18_loc = alloca i64 1"   --->   Operation 27 'alloca' 'buffer_18_loc' <Predicate = true> <Delay = 0.00>
ST_1 : Operation 28 [1/1] (0.00ns)   --->   "%buffer_19_loc = alloca i64 1"   --->   Operation 28 'alloca' 'buffer_19_loc' <Predicate = true> <Delay = 0.00>
ST_1 : Operation 29 [1/1] (0.00ns)   --->   "%buffer_20_loc = alloca i64 1"   --->   Operation 29 'alloca' 'buffer_20_loc' <Predicate = true> <Delay = 0.00>
ST_1 : Operation 30 [1/1] (0.00ns)   --->   "%buffer_21_loc = alloca i64 1"   --->   Operation 30 'alloca' 'buffer_21_loc' <Predicate = true> <Delay = 0.00>
ST_1 : Operation 31 [1/1] (0.00ns)   --->   "%buffer_22_loc = alloca i64 1"   --->   Operation 31 'alloca' 'buffer_22_loc' <Predicate = true> <Delay = 0.00>
ST_1 : Operation 32 [1/1] (0.00ns)   --->   "%buffer_23_loc = alloca i64 1"   --->   Operation 32 'alloca' 'buffer_23_loc' <Predicate = true> <Delay = 0.00>
ST_1 : Operation 33 [1/1] (0.00ns)   --->   "%buffer_24_loc = alloca i64 1"   --->   Operation 33 'alloca' 'buffer_24_loc' <Predicate = true> <Delay = 0.00>
ST_1 : Operation 34 [1/1] (0.00ns)   --->   "%buffer_25_loc = alloca i64 1"   --->   Operation 34 'alloca' 'buffer_25_loc' <Predicate = true> <Delay = 0.00>
ST_1 : Operation 35 [1/1] (0.00ns)   --->   "%buffer_26_loc = alloca i64 1"   --->   Operation 35 'alloca' 'buffer_26_loc' <Predicate = true> <Delay = 0.00>
ST_1 : Operation 36 [1/1] (0.00ns)   --->   "%buffer_27_loc = alloca i64 1"   --->   Operation 36 'alloca' 'buffer_27_loc' <Predicate = true> <Delay = 0.00>
ST_1 : Operation 37 [1/1] (0.00ns)   --->   "%buffer_28_loc = alloca i64 1"   --->   Operation 37 'alloca' 'buffer_28_loc' <Predicate = true> <Delay = 0.00>
ST_1 : Operation 38 [1/1] (0.00ns)   --->   "%buffer_29_loc = alloca i64 1"   --->   Operation 38 'alloca' 'buffer_29_loc' <Predicate = true> <Delay = 0.00>
ST_1 : Operation 39 [1/1] (0.00ns)   --->   "%buffer_30_loc = alloca i64 1"   --->   Operation 39 'alloca' 'buffer_30_loc' <Predicate = true> <Delay = 0.00>
ST_1 : Operation 40 [1/1] (0.00ns)   --->   "%buffer_31_loc = alloca i64 1"   --->   Operation 40 'alloca' 'buffer_31_loc' <Predicate = true> <Delay = 0.00>
ST_1 : Operation 41 [1/1] (0.00ns)   --->   "%tmp = bitselect i1 @_ssdm_op_BitSelect.i1.i32.i32, i32 %num_elements_read, i32 31" [kernel.cpp:21]   --->   Operation 41 'bitselect' 'tmp' <Predicate = true> <Delay = 0.00>
ST_1 : Operation 42 [1/1] (0.88ns)   --->   "%sub_ln21 = sub i32 0, i32 %num_elements_read" [kernel.cpp:21]   --->   Operation 42 'sub' 'sub_ln21' <Predicate = true> <Delay = 0.88> <CoreInst = "Adder">   --->   Core 1 'Adder' <Latency = 0> <II = 1> <Delay = 0.88> <FuncUnit> <Opcode : 'add' 'sub'> <InPorts = 2> <OutPorts = 1>
ST_1 : Operation 43 [1/1] (0.00ns)   --->   "%tmp_1 = partselect i27 @_ssdm_op_PartSelect.i27.i32.i32.i32, i32 %sub_ln21, i32 5, i32 31" [kernel.cpp:21]   --->   Operation 43 'partselect' 'tmp_1' <Predicate = true> <Delay = 0.00>
ST_1 : Operation 44 [1/1] (0.00ns)   --->   "%tmp_2 = partselect i27 @_ssdm_op_PartSelect.i27.i32.i32.i32, i32 %num_elements_read, i32 5, i32 31" [kernel.cpp:21]   --->   Operation 44 'partselect' 'tmp_2' <Predicate = true> <Delay = 0.00>
ST_1 : Operation 45 [1/1] (0.38ns)   --->   "%store_ln23 = store i27 0, i27 %i" [kernel.cpp:23]   --->   Operation 45 'store' 'store_ln23' <Predicate = true> <Delay = 0.38>

State 2 <SV = 1> <Delay = 2.03>
ST_2 : Operation 46 [1/1] (0.00ns)   --->   "%spectopmodule_ln15 = spectopmodule void @_ssdm_op_SpecTopModule, void @empty_8" [kernel.cpp:15]   --->   Operation 46 'spectopmodule' 'spectopmodule_ln15' <Predicate = true> <Delay = 0.00>
ST_2 : Operation 47 [1/1] (0.00ns)   --->   "%specinterface_ln0 = specinterface void @_ssdm_op_SpecInterface, i32 %in_stream_V_data_V, i4 %in_stream_V_keep_V, i4 %in_stream_V_strb_V, i1 %in_stream_V_last_V, void @empty, i32 1, i32 1, void @empty_0, i32 0, i32 0, void @empty_1, void @empty_1, void @empty_1, i32 0, i32 0, i32 0, i32 0, void @empty_1, void @empty_1, i32 4294967295, i32 0, i32 0"   --->   Operation 47 'specinterface' 'specinterface_ln0' <Predicate = true> <Delay = 0.00>
ST_2 : Operation 48 [1/1] (0.00ns)   --->   "%specbitsmap_ln0 = specbitsmap void @_ssdm_op_SpecBitsMap, i32 %in_stream_V_data_V"   --->   Operation 48 'specbitsmap' 'specbitsmap_ln0' <Predicate = true> <Delay = 0.00>
ST_2 : Operation 49 [1/1] (0.00ns)   --->   "%specbitsmap_ln0 = specbitsmap void @_ssdm_op_SpecBitsMap, i4 %in_stream_V_keep_V"   --->   Operation 49 'specbitsmap' 'specbitsmap_ln0' <Predicate = true> <Delay = 0.00>
ST_2 : Operation 50 [1/1] (0.00ns)   --->   "%specbitsmap_ln0 = specbitsmap void @_ssdm_op_SpecBitsMap, i4 %in_stream_V_strb_V"   --->   Operation 50 'specbitsmap' 'specbitsmap_ln0' <Predicate = true> <Delay = 0.00>
ST_2 : Operation 51 [1/1] (0.00ns)   --->   "%specbitsmap_ln0 = specbitsmap void @_ssdm_op_SpecBitsMap, i1 %in_stream_V_last_V"   --->   Operation 51 'specbitsmap' 'specbitsmap_ln0' <Predicate = true> <Delay = 0.00>
ST_2 : Operation 52 [1/1] (0.00ns)   --->   "%specinterface_ln0 = specinterface void @_ssdm_op_SpecInterface, i128 %out_stream_V_data_V, i16 %out_stream_V_keep_V, i16 %out_stream_V_strb_V, i1 %out_stream_V_last_V, void @empty, i32 1, i32 1, void @empty_0, i32 0, i32 0, void @empty_1, void @empty_1, void @empty_1, i32 0, i32 0, i32 0, i32 0, void @empty_1, void @empty_1, i32 4294967295, i32 0, i32 0"   --->   Operation 52 'specinterface' 'specinterface_ln0' <Predicate = true> <Delay = 0.00>
ST_2 : Operation 53 [1/1] (0.00ns)   --->   "%specbitsmap_ln0 = specbitsmap void @_ssdm_op_SpecBitsMap, i128 %out_stream_V_data_V"   --->   Operation 53 'specbitsmap' 'specbitsmap_ln0' <Predicate = true> <Delay = 0.00>
ST_2 : Operation 54 [1/1] (0.00ns)   --->   "%specbitsmap_ln0 = specbitsmap void @_ssdm_op_SpecBitsMap, i16 %out_stream_V_keep_V"   --->   Operation 54 'specbitsmap' 'specbitsmap_ln0' <Predicate = true> <Delay = 0.00>
ST_2 : Operation 55 [1/1] (0.00ns)   --->   "%specbitsmap_ln0 = specbitsmap void @_ssdm_op_SpecBitsMap, i16 %out_stream_V_strb_V"   --->   Operation 55 'specbitsmap' 'specbitsmap_ln0' <Predicate = true> <Delay = 0.00>
ST_2 : Operation 56 [1/1] (0.00ns)   --->   "%specbitsmap_ln0 = specbitsmap void @_ssdm_op_SpecBitsMap, i1 %out_stream_V_last_V"   --->   Operation 56 'specbitsmap' 'specbitsmap_ln0' <Predicate = true> <Delay = 0.00>
ST_2 : Operation 57 [1/1] (0.00ns)   --->   "%specbitsmap_ln0 = specbitsmap void @_ssdm_op_SpecBitsMap, i32 %num_elements"   --->   Operation 57 'specbitsmap' 'specbitsmap_ln0' <Predicate = true> <Delay = 0.00>
ST_2 : Operation 58 [1/1] (0.00ns)   --->   "%specinterface_ln0 = specinterface void @_ssdm_op_SpecInterface, i32 %num_elements, void @empty_2, i32 4294967295, i32 4294967295, void @empty_0, i32 0, i32 0, void @empty_3, void @empty_4, void @empty_1, i32 0, i32 0, i32 0, i32 0, void @empty_1, void @empty_1, i32 4294967295, i32 0, i32 0"   --->   Operation 58 'specinterface' 'specinterface_ln0' <Predicate = true> <Delay = 0.00>
ST_2 : Operation 59 [1/1] (0.00ns)   --->   "%specinterface_ln0 = specinterface void @_ssdm_op_SpecInterface, i32 %num_elements, void @empty_5, i32 4294967295, i32 4294967295, void @empty_1, i32 0, i32 0, void @empty_1, void @empty_1, void @empty_1, i32 0, i32 0, i32 0, i32 0, void @empty_1, void @empty_1, i32 4294967295, i32 0, i32 0"   --->   Operation 59 'specinterface' 'specinterface_ln0' <Predicate = true> <Delay = 0.00>
ST_2 : Operation 60 [1/1] (0.00ns)   --->   "%specinterface_ln0 = specinterface void @_ssdm_op_SpecInterface, i32 0, void @empty_2, i32 0, i32 0, void @empty_1, i32 0, i32 0, void @empty_3, void @empty_1, void @empty_1, i32 0, i32 0, i32 0, i32 0, void @empty_1, void @empty_1, i32 4294967295, i32 0, i32 0"   --->   Operation 60 'specinterface' 'specinterface_ln0' <Predicate = true> <Delay = 0.00>
ST_2 : Operation 61 [1/1] (0.00ns)   --->   "%zext_ln21 = zext i27 %tmp_1" [kernel.cpp:21]   --->   Operation 61 'zext' 'zext_ln21' <Predicate = (tmp)> <Delay = 0.00>
ST_2 : Operation 62 [1/1] (0.85ns)   --->   "%sub_ln21_1 = sub i28 0, i28 %zext_ln21" [kernel.cpp:21]   --->   Operation 62 'sub' 'sub_ln21_1' <Predicate = (tmp)> <Delay = 0.85> <CoreInst = "Adder">   --->   Core 1 'Adder' <Latency = 0> <II = 1> <Delay = 0.85> <FuncUnit> <Opcode : 'add' 'sub'> <InPorts = 2> <OutPorts = 1>
ST_2 : Operation 63 [1/1] (0.00ns)   --->   "%zext_ln21_1 = zext i27 %tmp_2" [kernel.cpp:21]   --->   Operation 63 'zext' 'zext_ln21_1' <Predicate = (!tmp)> <Delay = 0.00>
ST_2 : Operation 64 [1/1] (0.32ns)   --->   "%num_blocks = select i1 %tmp, i28 %sub_ln21_1, i28 %zext_ln21_1" [kernel.cpp:21]   --->   Operation 64 'select' 'num_blocks' <Predicate = true> <Delay = 0.32> <CoreInst = "Sel">   --->   Core 73 'Sel' <Latency = 0> <II = 1> <Delay = 0.32> <FuncUnit> <Opcode : 'select'> <InPorts = 3> <OutPorts = 1>
ST_2 : Operation 65 [1/1] (0.85ns)   --->   "%sub = add i28 %num_blocks, i28 268435455" [kernel.cpp:21]   --->   Operation 65 'add' 'sub' <Predicate = true> <Delay = 0.85> <CoreInst = "Adder">   --->   Core 1 'Adder' <Latency = 0> <II = 1> <Delay = 0.85> <FuncUnit> <Opcode : 'add' 'sub'> <InPorts = 2> <OutPorts = 1>
ST_2 : Operation 66 [1/1] (0.00ns)   --->   "%specaxissidechannel_ln23 = specaxissidechannel void @_ssdm_op_SpecAXISSideChannel, i128 %out_stream_V_data_V, i16 %out_stream_V_keep_V, i16 %out_stream_V_strb_V, i1 0, i1 %out_stream_V_last_V, i1 0, i1 0, void @empty_6" [kernel.cpp:23]   --->   Operation 66 'specaxissidechannel' 'specaxissidechannel_ln23' <Predicate = true> <Delay = 0.00>
ST_2 : Operation 67 [1/1] (0.00ns)   --->   "%specaxissidechannel_ln23 = specaxissidechannel void @_ssdm_op_SpecAXISSideChannel, i32 %in_stream_V_data_V, i4 %in_stream_V_keep_V, i4 %in_stream_V_strb_V, i1 0, i1 %in_stream_V_last_V, i1 0, i1 0, void @empty_7" [kernel.cpp:23]   --->   Operation 67 'specaxissidechannel' 'specaxissidechannel_ln23' <Predicate = true> <Delay = 0.00>
ST_2 : Operation 68 [1/1] (0.00ns)   --->   "%br_ln23 = br void %read_loop" [kernel.cpp:23]   --->   Operation 68 'br' 'br_ln23' <Predicate = true> <Delay = 0.00>

State 3 <SV = 2> <Delay = 1.94>
ST_3 : Operation 69 [1/1] (0.00ns)   --->   "%i_1 = load i27 %i" [kernel.cpp:23]   --->   Operation 69 'load' 'i_1' <Predicate = true> <Delay = 0.00>
ST_3 : Operation 70 [1/1] (0.00ns)   --->   "%zext_ln23 = zext i27 %i_1" [kernel.cpp:23]   --->   Operation 70 'zext' 'zext_ln23' <Predicate = true> <Delay = 0.00>
ST_3 : Operation 71 [1/1] (0.85ns)   --->   "%icmp_ln23 = icmp_slt  i28 %zext_ln23, i28 %num_blocks" [kernel.cpp:23]   --->   Operation 71 'icmp' 'icmp_ln23' <Predicate = true> <Delay = 0.85> <CoreInst = "Cmp">   --->   Core 9 'Cmp' <Latency = 0> <II = 1> <Delay = 0.85> <FuncUnit> <Opcode : 'seteq' 'setne' 'setle' 'setge' 'setlt' 'setgt'> <InPorts = 2> <OutPorts = 1>
ST_3 : Operation 72 [1/1] (0.85ns)   --->   "%i_2 = add i27 %i_1, i27 1" [kernel.cpp:23]   --->   Operation 72 'add' 'i_2' <Predicate = true> <Delay = 0.85> <CoreInst = "Adder">   --->   Core 1 'Adder' <Latency = 0> <II = 1> <Delay = 0.85> <FuncUnit> <Opcode : 'add' 'sub'> <InPorts = 2> <OutPorts = 1>
ST_3 : Operation 73 [1/1] (0.00ns)   --->   "%br_ln23 = br i1 %icmp_ln23, void %for.end32.loopexit, void %read_loop.split" [kernel.cpp:23]   --->   Operation 73 'br' 'br_ln23' <Predicate = true> <Delay = 0.00>
ST_3 : Operation 74 [1/1] (0.00ns)   --->   "%empty = wait i32 @_ssdm_op_Wait"   --->   Operation 74 'wait' 'empty' <Predicate = (icmp_ln23)> <Delay = 0.00>
ST_3 : Operation 75 [2/2] (1.08ns)   --->   "%call_ln0 = call void @pack_int4_transpose_Pipeline_read_loop, i32 %in_stream_V_data_V, i4 %in_stream_V_keep_V, i4 %in_stream_V_strb_V, i1 %in_stream_V_last_V, i4 %buffer_31_loc, i4 %buffer_30_loc, i4 %buffer_29_loc, i4 %buffer_28_loc, i4 %buffer_27_loc, i4 %buffer_26_loc, i4 %buffer_25_loc, i4 %buffer_24_loc, i4 %buffer_23_loc, i4 %buffer_22_loc, i4 %buffer_21_loc, i4 %buffer_20_loc, i4 %buffer_19_loc, i4 %buffer_18_loc, i4 %buffer_17_loc, i4 %buffer_16_loc, i4 %buffer_15_loc, i4 %buffer_14_loc, i4 %buffer_13_loc, i4 %buffer_12_loc, i4 %buffer_11_loc, i4 %buffer_10_loc, i4 %buffer_9_loc, i4 %buffer_8_loc, i4 %buffer_7_loc, i4 %buffer_6_loc, i4 %buffer_5_loc, i4 %buffer_4_loc, i4 %buffer_3_loc, i4 %buffer_2_loc, i4 %buffer_1_loc, i4 %buffer_loc"   --->   Operation 75 'call' 'call_ln0' <Predicate = (icmp_ln23)> <Delay = 1.08> <CoreType = "Generic">   --->   Core 0 '' <Latency = 0> <II = 1> <Delay = 1.00> <Generic> <Opcode : >
ST_3 : Operation 76 [1/1] (0.85ns)   --->   "%p_out_last = icmp_eq  i28 %zext_ln23, i28 %sub" [kernel.cpp:71]   --->   Operation 76 'icmp' 'p_out_last' <Predicate = (icmp_ln23)> <Delay = 0.85> <CoreInst = "Cmp">   --->   Core 9 'Cmp' <Latency = 0> <II = 1> <Delay = 0.85> <FuncUnit> <Opcode : 'seteq' 'setne' 'setle' 'setge' 'setlt' 'setgt'> <InPorts = 2> <OutPorts = 1>
ST_3 : Operation 77 [1/1] (0.38ns)   --->   "%store_ln23 = store i27 %i_2, i27 %i" [kernel.cpp:23]   --->   Operation 77 'store' 'store_ln23' <Predicate = (icmp_ln23)> <Delay = 0.38>
ST_3 : Operation 78 [1/1] (0.00ns)   --->   "%ret_ln74 = ret" [kernel.cpp:74]   --->   Operation 78 'ret' 'ret_ln74' <Predicate = (!icmp_ln23)> <Delay = 0.00>

State 4 <SV = 3> <Delay = 0.00>
ST_4 : Operation 79 [1/2] (0.00ns)   --->   "%call_ln0 = call void @pack_int4_transpose_Pipeline_read_loop, i32 %in_stream_V_data_V, i4 %in_stream_V_keep_V, i4 %in_stream_V_strb_V, i1 %in_stream_V_last_V, i4 %buffer_31_loc, i4 %buffer_30_loc, i4 %buffer_29_loc, i4 %buffer_28_loc, i4 %buffer_27_loc, i4 %buffer_26_loc, i4 %buffer_25_loc, i4 %buffer_24_loc, i4 %buffer_23_loc, i4 %buffer_22_loc, i4 %buffer_21_loc, i4 %buffer_20_loc, i4 %buffer_19_loc, i4 %buffer_18_loc, i4 %buffer_17_loc, i4 %buffer_16_loc, i4 %buffer_15_loc, i4 %buffer_14_loc, i4 %buffer_13_loc, i4 %buffer_12_loc, i4 %buffer_11_loc, i4 %buffer_10_loc, i4 %buffer_9_loc, i4 %buffer_8_loc, i4 %buffer_7_loc, i4 %buffer_6_loc, i4 %buffer_5_loc, i4 %buffer_4_loc, i4 %buffer_3_loc, i4 %buffer_2_loc, i4 %buffer_1_loc, i4 %buffer_loc"   --->   Operation 79 'call' 'call_ln0' <Predicate = true> <Delay = 0.00> <CoreType = "Generic">   --->   Core 0 '' <Latency = 0> <II = 1> <Delay = 1.00> <Generic> <Opcode : >

State 5 <SV = 4> <Delay = 0.64>
ST_5 : Operation 80 [1/1] (0.00ns)   --->   "%buffer_31_loc_load = load i4 %buffer_31_loc"   --->   Operation 80 'load' 'buffer_31_loc_load' <Predicate = true> <Delay = 0.00>
ST_5 : Operation 81 [1/1] (0.00ns)   --->   "%buffer_30_loc_load = load i4 %buffer_30_loc"   --->   Operation 81 'load' 'buffer_30_loc_load' <Predicate = true> <Delay = 0.00>
ST_5 : Operation 82 [1/1] (0.00ns)   --->   "%buffer_29_loc_load = load i4 %buffer_29_loc"   --->   Operation 82 'load' 'buffer_29_loc_load' <Predicate = true> <Delay = 0.00>
ST_5 : Operation 83 [1/1] (0.00ns)   --->   "%buffer_28_loc_load = load i4 %buffer_28_loc"   --->   Operation 83 'load' 'buffer_28_loc_load' <Predicate = true> <Delay = 0.00>
ST_5 : Operation 84 [1/1] (0.00ns)   --->   "%buffer_27_loc_load = load i4 %buffer_27_loc"   --->   Operation 84 'load' 'buffer_27_loc_load' <Predicate = true> <Delay = 0.00>
ST_5 : Operation 85 [1/1] (0.00ns)   --->   "%buffer_26_loc_load = load i4 %buffer_26_loc"   --->   Operation 85 'load' 'buffer_26_loc_load' <Predicate = true> <Delay = 0.00>
ST_5 : Operation 86 [1/1] (0.00ns)   --->   "%buffer_25_loc_load = load i4 %buffer_25_loc"   --->   Operation 86 'load' 'buffer_25_loc_load' <Predicate = true> <Delay = 0.00>
ST_5 : Operation 87 [1/1] (0.00ns)   --->   "%buffer_24_loc_load = load i4 %buffer_24_loc"   --->   Operation 87 'load' 'buffer_24_loc_load' <Predicate = true> <Delay = 0.00>
ST_5 : Operation 88 [1/1] (0.00ns)   --->   "%buffer_23_loc_load = load i4 %buffer_23_loc"   --->   Operation 88 'load' 'buffer_23_loc_load' <Predicate = true> <Delay = 0.00>
ST_5 : Operation 89 [1/1] (0.00ns)   --->   "%buffer_22_loc_load = load i4 %buffer_22_loc"   --->   Operation 89 'load' 'buffer_22_loc_load' <Predicate = true> <Delay = 0.00>
ST_5 : Operation 90 [1/1] (0.00ns)   --->   "%buffer_21_loc_load = load i4 %buffer_21_loc"   --->   Operation 90 'load' 'buffer_21_loc_load' <Predicate = true> <Delay = 0.00>
ST_5 : Operation 91 [1/1] (0.00ns)   --->   "%buffer_20_loc_load = load i4 %buffer_20_loc"   --->   Operation 91 'load' 'buffer_20_loc_load' <Predicate = true> <Delay = 0.00>
ST_5 : Operation 92 [1/1] (0.00ns)   --->   "%buffer_19_loc_load = load i4 %buffer_19_loc"   --->   Operation 92 'load' 'buffer_19_loc_load' <Predicate = true> <Delay = 0.00>
ST_5 : Operation 93 [1/1] (0.00ns)   --->   "%buffer_18_loc_load = load i4 %buffer_18_loc"   --->   Operation 93 'load' 'buffer_18_loc_load' <Predicate = true> <Delay = 0.00>
ST_5 : Operation 94 [1/1] (0.00ns)   --->   "%buffer_17_loc_load = load i4 %buffer_17_loc"   --->   Operation 94 'load' 'buffer_17_loc_load' <Predicate = true> <Delay = 0.00>
ST_5 : Operation 95 [1/1] (0.00ns)   --->   "%buffer_16_loc_load = load i4 %buffer_16_loc"   --->   Operation 95 'load' 'buffer_16_loc_load' <Predicate = true> <Delay = 0.00>
ST_5 : Operation 96 [1/1] (0.00ns)   --->   "%buffer_15_loc_load = load i4 %buffer_15_loc"   --->   Operation 96 'load' 'buffer_15_loc_load' <Predicate = true> <Delay = 0.00>
ST_5 : Operation 97 [1/1] (0.00ns)   --->   "%buffer_14_loc_load = load i4 %buffer_14_loc"   --->   Operation 97 'load' 'buffer_14_loc_load' <Predicate = true> <Delay = 0.00>
ST_5 : Operation 98 [1/1] (0.00ns)   --->   "%buffer_13_loc_load = load i4 %buffer_13_loc"   --->   Operation 98 'load' 'buffer_13_loc_load' <Predicate = true> <Delay = 0.00>
ST_5 : Operation 99 [1/1] (0.00ns)   --->   "%buffer_12_loc_load = load i4 %buffer_12_loc"   --->   Operation 99 'load' 'buffer_12_loc_load' <Predicate = true> <Delay = 0.00>
ST_5 : Operation 100 [1/1] (0.00ns)   --->   "%buffer_11_loc_load = load i4 %buffer_11_loc"   --->   Operation 100 'load' 'buffer_11_loc_load' <Predicate = true> <Delay = 0.00>
ST_5 : Operation 101 [1/1] (0.00ns)   --->   "%buffer_10_loc_load = load i4 %buffer_10_loc"   --->   Operation 101 'load' 'buffer_10_loc_load' <Predicate = true> <Delay = 0.00>
ST_5 : Operation 102 [1/1] (0.00ns)   --->   "%buffer_9_loc_load = load i4 %buffer_9_loc"   --->   Operation 102 'load' 'buffer_9_loc_load' <Predicate = true> <Delay = 0.00>
ST_5 : Operation 103 [1/1] (0.00ns)   --->   "%buffer_8_loc_load = load i4 %buffer_8_loc"   --->   Operation 103 'load' 'buffer_8_loc_load' <Predicate = true> <Delay = 0.00>
ST_5 : Operation 104 [1/1] (0.00ns)   --->   "%buffer_7_loc_load = load i4 %buffer_7_loc"   --->   Operation 104 'load' 'buffer_7_loc_load' <Predicate = true> <Delay = 0.00>
ST_5 : Operation 105 [1/1] (0.00ns)   --->   "%buffer_6_loc_load = load i4 %buffer_6_loc"   --->   Operation 105 'load' 'buffer_6_loc_load' <Predicate = true> <Delay = 0.00>
ST_5 : Operation 106 [1/1] (0.00ns)   --->   "%buffer_5_loc_load = load i4 %buffer_5_loc"   --->   Operation 106 'load' 'buffer_5_loc_load' <Predicate = true> <Delay = 0.00>
ST_5 : Operation 107 [1/1] (0.00ns)   --->   "%buffer_4_loc_load = load i4 %buffer_4_loc"   --->   Operation 107 'load' 'buffer_4_loc_load' <Predicate = true> <Delay = 0.00>
ST_5 : Operation 108 [1/1] (0.00ns)   --->   "%buffer_3_loc_load = load i4 %buffer_3_loc"   --->   Operation 108 'load' 'buffer_3_loc_load' <Predicate = true> <Delay = 0.00>
ST_5 : Operation 109 [1/1] (0.00ns)   --->   "%buffer_2_loc_load = load i4 %buffer_2_loc"   --->   Operation 109 'load' 'buffer_2_loc_load' <Predicate = true> <Delay = 0.00>
ST_5 : Operation 110 [1/1] (0.00ns)   --->   "%buffer_1_loc_load = load i4 %buffer_1_loc"   --->   Operation 110 'load' 'buffer_1_loc_load' <Predicate = true> <Delay = 0.00>
ST_5 : Operation 111 [1/1] (0.00ns)   --->   "%buffer_loc_load = load i4 %buffer_loc"   --->   Operation 111 'load' 'buffer_loc_load' <Predicate = true> <Delay = 0.00>
ST_5 : Operation 112 [1/1] (0.00ns)   --->   "%empty_20 = wait i32 @_ssdm_op_Wait"   --->   Operation 112 'wait' 'empty_20' <Predicate = true> <Delay = 0.00>
ST_5 : Operation 113 [1/1] (0.00ns)   --->   "%out_val = bitconcatenate i128 @_ssdm_op_BitConcatenate.i128.i4.i4.i4.i4.i4.i4.i4.i4.i4.i4.i4.i4.i4.i4.i4.i4.i4.i4.i4.i4.i4.i4.i4.i4.i4.i4.i4.i4.i4.i4.i4.i4, i4 %buffer_31_loc_load, i4 %buffer_27_loc_load, i4 %buffer_23_loc_load, i4 %buffer_19_loc_load, i4 %buffer_15_loc_load, i4 %buffer_11_loc_load, i4 %buffer_7_loc_load, i4 %buffer_3_loc_load, i4 %buffer_30_loc_load, i4 %buffer_26_loc_load, i4 %buffer_22_loc_load, i4 %buffer_18_loc_load, i4 %buffer_14_loc_load, i4 %buffer_10_loc_load, i4 %buffer_6_loc_load, i4 %buffer_2_loc_load, i4 %buffer_29_loc_load, i4 %buffer_25_loc_load, i4 %buffer_21_loc_load, i4 %buffer_17_loc_load, i4 %buffer_13_loc_load, i4 %buffer_9_loc_load, i4 %buffer_5_loc_load, i4 %buffer_1_loc_load, i4 %buffer_28_loc_load, i4 %buffer_24_loc_load, i4 %buffer_20_loc_load, i4 %buffer_16_loc_load, i4 %buffer_12_loc_load, i4 %buffer_8_loc_load, i4 %buffer_4_loc_load, i4 %buffer_loc_load" [kernel.cpp:65]   --->   Operation 113 'bitconcatenate' 'out_val' <Predicate = true> <Delay = 0.00>
ST_5 : Operation 114 [2/2] (0.64ns)   --->   "%write_ln72 = write void @_ssdm_op_Write.axis.volatile.i128P0A.i16P0A.i16P0A.i1P0A, i128 %out_stream_V_data_V, i16 %out_stream_V_keep_V, i16 %out_stream_V_strb_V, i1 %out_stream_V_last_V, i128 %out_val, i16 65535, i16 0, i1 %p_out_last" [kernel.cpp:72]   --->   Operation 114 'write' 'write_ln72' <Predicate = true> <Delay = 0.64> <CoreInst = "regslice">   --->   Core 148 'regslice' <Latency = 0> <II = 1> <Delay = 0.80> <Adapter> <Opcode : 'read' 'write'>

State 6 <SV = 5> <Delay = 0.64>
ST_6 : Operation 115 [1/1] (0.00ns)   --->   "%speclooptripcount_ln23 = speclooptripcount void @_ssdm_op_SpecLoopTripCount, i64 0, i64 67108863, i64 33554431" [kernel.cpp:23]   --->   Operation 115 'speclooptripcount' 'speclooptripcount_ln23' <Predicate = true> <Delay = 0.00>
ST_6 : Operation 116 [1/1] (0.00ns)   --->   "%specloopname_ln23 = specloopname void @_ssdm_op_SpecLoopName, void @empty_10" [kernel.cpp:23]   --->   Operation 116 'specloopname' 'specloopname_ln23' <Predicate = true> <Delay = 0.00>
ST_6 : Operation 117 [1/2] (0.64ns)   --->   "%write_ln72 = write void @_ssdm_op_Write.axis.volatile.i128P0A.i16P0A.i16P0A.i1P0A, i128 %out_stream_V_data_V, i16 %out_stream_V_keep_V, i16 %out_stream_V_strb_V, i1 %out_stream_V_last_V, i128 %out_val, i16 65535, i16 0, i1 %p_out_last" [kernel.cpp:72]   --->   Operation 117 'write' 'write_ln72' <Predicate = true> <Delay = 0.64> <CoreInst = "regslice">   --->   Core 148 'regslice' <Latency = 0> <II = 1> <Delay = 0.80> <Adapter> <Opcode : 'read' 'write'>
ST_6 : Operation 118 [1/1] (0.00ns)   --->   "%br_ln23 = br void %read_loop" [kernel.cpp:23]   --->   Operation 118 'br' 'br_ln23' <Predicate = true> <Delay = 0.00>


============================================================
+ Verbose Summary: Binding
============================================================
STG Binding: 
---------------- STG Properties BEGIN ----------------
- Is combinational: 0
- Is one-state seq: 0
- Is datapath-only: 0
- Is pipelined: 0
- Is top level: 1
Port [ Return ] is wired: 1; IO mode=ap_ctrl_hs:ce=0
Port [ in_stream_V_data_V]:  wired=1; compound=1; hidden=0; nouse=0; global=0; static=0; extern=0; dir=0; type=0; pingpong=0; private_global=0; IO mode=axis:ce=0
Port [ in_stream_V_keep_V]:  wired=1; compound=1; hidden=0; nouse=0; global=0; static=0; extern=0; dir=0; type=0; pingpong=0; private_global=0; IO mode=axis:ce=0
Port [ in_stream_V_strb_V]:  wired=1; compound=1; hidden=0; nouse=0; global=0; static=0; extern=0; dir=0; type=0; pingpong=0; private_global=0; IO mode=axis:ce=0
Port [ in_stream_V_last_V]:  wired=1; compound=1; hidden=0; nouse=0; global=0; static=0; extern=0; dir=0; type=0; pingpong=0; private_global=0; IO mode=axis:ce=0
Port [ out_stream_V_data_V]:  wired=1; compound=1; hidden=0; nouse=0; global=0; static=0; extern=0; dir=1; type=0; pingpong=0; private_global=0; IO mode=axis:ce=0
Port [ out_stream_V_keep_V]:  wired=1; compound=1; hidden=0; nouse=0; global=0; static=0; extern=0; dir=1; type=0; pingpong=0; private_global=0; IO mode=axis:ce=0
Port [ out_stream_V_strb_V]:  wired=1; compound=1; hidden=0; nouse=0; global=0; static=0; extern=0; dir=1; type=0; pingpong=0; private_global=0; IO mode=axis:ce=0
Port [ out_stream_V_last_V]:  wired=1; compound=1; hidden=0; nouse=0; global=0; static=0; extern=0; dir=1; type=0; pingpong=0; private_global=0; IO mode=axis:ce=0
Port [ num_elements]:  wired=1; compound=0; hidden=0; nouse=0; global=0; static=0; extern=0; dir=0; type=0; pingpong=0; private_global=0; IO mode=ap_none:ce=0
---------------- STG Properties END ------------------

---------------- Datapath Model BEGIN ----------------

<LifeTime>
<method=bitvector/>
i                        (alloca             ) [ 0111111]
num_elements_read        (read               ) [ 0000000]
buffer_loc               (alloca             ) [ 0011111]
buffer_1_loc             (alloca             ) [ 0011111]
buffer_2_loc             (alloca             ) [ 0011111]
buffer_3_loc             (alloca             ) [ 0011111]
buffer_4_loc             (alloca             ) [ 0011111]
buffer_5_loc             (alloca             ) [ 0011111]
buffer_6_loc             (alloca             ) [ 0011111]
buffer_7_loc             (alloca             ) [ 0011111]
buffer_8_loc             (alloca             ) [ 0011111]
buffer_9_loc             (alloca             ) [ 0011111]
buffer_10_loc            (alloca             ) [ 0011111]
buffer_11_loc            (alloca             ) [ 0011111]
buffer_12_loc            (alloca             ) [ 0011111]
buffer_13_loc            (alloca             ) [ 0011111]
buffer_14_loc            (alloca             ) [ 0011111]
buffer_15_loc            (alloca             ) [ 0011111]
buffer_16_loc            (alloca             ) [ 0011111]
buffer_17_loc            (alloca             ) [ 0011111]
buffer_18_loc            (alloca             ) [ 0011111]
buffer_19_loc            (alloca             ) [ 0011111]
buffer_20_loc            (alloca             ) [ 0011111]
buffer_21_loc            (alloca             ) [ 0011111]
buffer_22_loc            (alloca             ) [ 0011111]
buffer_23_loc            (alloca             ) [ 0011111]
buffer_24_loc            (alloca             ) [ 0011111]
buffer_25_loc            (alloca             ) [ 0011111]
buffer_26_loc            (alloca             ) [ 0011111]
buffer_27_loc            (alloca             ) [ 0011111]
buffer_28_loc            (alloca             ) [ 0011111]
buffer_29_loc            (alloca             ) [ 0011111]
buffer_30_loc            (alloca             ) [ 0011111]
buffer_31_loc            (alloca             ) [ 0011111]
tmp                      (bitselect          ) [ 0010000]
sub_ln21                 (sub                ) [ 0000000]
tmp_1                    (partselect         ) [ 0010000]
tmp_2                    (partselect         ) [ 0010000]
store_ln23               (store              ) [ 0000000]
spectopmodule_ln15       (spectopmodule      ) [ 0000000]
specinterface_ln0        (specinterface      ) [ 0000000]
specbitsmap_ln0          (specbitsmap        ) [ 0000000]
specbitsmap_ln0          (specbitsmap        ) [ 0000000]
specbitsmap_ln0          (specbitsmap        ) [ 0000000]
specbitsmap_ln0          (specbitsmap        ) [ 0000000]
specinterface_ln0        (specinterface      ) [ 0000000]
specbitsmap_ln0          (specbitsmap        ) [ 0000000]
specbitsmap_ln0          (specbitsmap        ) [ 0000000]
specbitsmap_ln0          (specbitsmap        ) [ 0000000]
specbitsmap_ln0          (specbitsmap        ) [ 0000000]
specbitsmap_ln0          (specbitsmap        ) [ 0000000]
specinterface_ln0        (specinterface      ) [ 0000000]
specinterface_ln0        (specinterface      ) [ 0000000]
specinterface_ln0        (specinterface      ) [ 0000000]
zext_ln21                (zext               ) [ 0000000]
sub_ln21_1               (sub                ) [ 0000000]
zext_ln21_1              (zext               ) [ 0000000]
num_blocks               (select             ) [ 0001111]
sub                      (add                ) [ 0001111]
specaxissidechannel_ln23 (specaxissidechannel) [ 0000000]
specaxissidechannel_ln23 (specaxissidechannel) [ 0000000]
br_ln23                  (br                 ) [ 0000000]
i_1                      (load               ) [ 0000000]
zext_ln23                (zext               ) [ 0000000]
icmp_ln23                (icmp               ) [ 0001111]
i_2                      (add                ) [ 0000000]
br_ln23                  (br                 ) [ 0000000]
empty                    (wait               ) [ 0000000]
p_out_last               (icmp               ) [ 0000111]
store_ln23               (store              ) [ 0000000]
ret_ln74                 (ret                ) [ 0000000]
call_ln0                 (call               ) [ 0000000]
buffer_31_loc_load       (load               ) [ 0000000]
buffer_30_loc_load       (load               ) [ 0000000]
buffer_29_loc_load       (load               ) [ 0000000]
buffer_28_loc_load       (load               ) [ 0000000]
buffer_27_loc_load       (load               ) [ 0000000]
buffer_26_loc_load       (load               ) [ 0000000]
buffer_25_loc_load       (load               ) [ 0000000]
buffer_24_loc_load       (load               ) [ 0000000]
buffer_23_loc_load       (load               ) [ 0000000]
buffer_22_loc_load       (load               ) [ 0000000]
buffer_21_loc_load       (load               ) [ 0000000]
buffer_20_loc_load       (load               ) [ 0000000]
buffer_19_loc_load       (load               ) [ 0000000]
buffer_18_loc_load       (load               ) [ 0000000]
buffer_17_loc_load       (load               ) [ 0000000]
buffer_16_loc_load       (load               ) [ 0000000]
buffer_15_loc_load       (load               ) [ 0000000]
buffer_14_loc_load       (load               ) [ 0000000]
buffer_13_loc_load       (load               ) [ 0000000]
buffer_12_loc_load       (load               ) [ 0000000]
buffer_11_loc_load       (load               ) [ 0000000]
buffer_10_loc_load       (load               ) [ 0000000]
buffer_9_loc_load        (load               ) [ 0000000]
buffer_8_loc_load        (load               ) [ 0000000]
buffer_7_loc_load        (load               ) [ 0000000]
buffer_6_loc_load        (load               ) [ 0000000]
buffer_5_loc_load        (load               ) [ 0000000]
buffer_4_loc_load        (load               ) [ 0000000]
buffer_3_loc_load        (load               ) [ 0000000]
buffer_2_loc_load        (load               ) [ 0000000]
buffer_1_loc_load        (load               ) [ 0000000]
buffer_loc_load          (load               ) [ 0000000]
empty_20                 (wait               ) [ 0000000]
out_val                  (bitconcatenate     ) [ 0000001]
speclooptripcount_ln23   (speclooptripcount  ) [ 0000000]
specloopname_ln23        (specloopname       ) [ 0000000]
write_ln72               (write              ) [ 0000000]
br_ln23                  (br                 ) [ 0000000]
</LifeTime>

<model>

<comp_list>
<comp id="0" class="1000" name="in_stream_V_data_V">
<pin_list>
<pin id="1" dir="1" index="0" bw="1" slack="0"/>
</pin_list>
<bind>
<StgValue><ssdm name="in_stream_V_data_V"/></StgValue>
</bind>
</comp>

<comp id="2" class="1000" name="in_stream_V_keep_V">
<pin_list>
<pin id="3" dir="1" index="0" bw="1" slack="0"/>
</pin_list>
<bind>
<StgValue><ssdm name="in_stream_V_keep_V"/></StgValue>
</bind>
</comp>

<comp id="4" class="1000" name="in_stream_V_strb_V">
<pin_list>
<pin id="5" dir="1" index="0" bw="1" slack="0"/>
</pin_list>
<bind>
<StgValue><ssdm name="in_stream_V_strb_V"/></StgValue>
</bind>
</comp>

<comp id="6" class="1000" name="in_stream_V_last_V">
<pin_list>
<pin id="7" dir="1" index="0" bw="1" slack="0"/>
</pin_list>
<bind>
<StgValue><ssdm name="in_stream_V_last_V"/></StgValue>
</bind>
</comp>

<comp id="8" class="1000" name="out_stream_V_data_V">
<pin_list>
<pin id="9" dir="1" index="0" bw="1" slack="0"/>
</pin_list>
<bind>
<StgValue><ssdm name="out_stream_V_data_V"/></StgValue>
</bind>
</comp>

<comp id="10" class="1000" name="out_stream_V_keep_V">
<pin_list>
<pin id="11" dir="1" index="0" bw="1" slack="0"/>
</pin_list>
<bind>
<StgValue><ssdm name="out_stream_V_keep_V"/></StgValue>
</bind>
</comp>

<comp id="12" class="1000" name="out_stream_V_strb_V">
<pin_list>
<pin id="13" dir="1" index="0" bw="1" slack="0"/>
</pin_list>
<bind>
<StgValue><ssdm name="out_stream_V_strb_V"/></StgValue>
</bind>
</comp>

<comp id="14" class="1000" name="out_stream_V_last_V">
<pin_list>
<pin id="15" dir="1" index="0" bw="1" slack="0"/>
</pin_list>
<bind>
<StgValue><ssdm name="out_stream_V_last_V"/></StgValue>
</bind>
</comp>

<comp id="16" class="1000" name="num_elements">
<pin_list>
<pin id="17" dir="1" index="0" bw="1" slack="0"/>
</pin_list>
<bind>
<StgValue><ssdm name="num_elements"/></StgValue>
</bind>
</comp>

<comp id="18" class="1001" name="const_18">
<pin_list>
<pin id="19" dir="1" index="0" bw="1" slack="0"/>
</pin_list>
<bind>
<StgValue><ssdm name=""/></StgValue>
</bind>
</comp>

<comp id="20" class="1001" name="const_20">
<pin_list>
<pin id="21" dir="1" index="0" bw="1" slack="0"/>
</pin_list>
<bind>
<StgValue><ssdm name="_ssdm_op_Read.s_axilite.i32"/></StgValue>
</bind>
</comp>

<comp id="22" class="1001" name="const_22">
<pin_list>
<pin id="23" dir="1" index="0" bw="1" slack="0"/>
</pin_list>
<bind>
<StgValue><ssdm name=""/></StgValue>
</bind>
</comp>

<comp id="24" class="1001" name="const_24">
<pin_list>
<pin id="25" dir="1" index="0" bw="1" slack="0"/>
</pin_list>
<bind>
<StgValue><ssdm name="_ssdm_op_BitSelect.i1.i32.i32"/></StgValue>
</bind>
</comp>

<comp id="26" class="1001" name="const_26">
<pin_list>
<pin id="27" dir="1" index="0" bw="1" slack="0"/>
</pin_list>
<bind>
<StgValue><ssdm name=""/></StgValue>
</bind>
</comp>

<comp id="28" class="1001" name="const_28">
<pin_list>
<pin id="29" dir="1" index="0" bw="1" slack="0"/>
</pin_list>
<bind>
<StgValue><ssdm name=""/></StgValue>
</bind>
</comp>

<comp id="30" class="1001" name="const_30">
<pin_list>
<pin id="31" dir="1" index="0" bw="1" slack="0"/>
</pin_list>
<bind>
<StgValue><ssdm name="_ssdm_op_PartSelect.i27.i32.i32.i32"/></StgValue>
</bind>
</comp>

<comp id="32" class="1001" name="const_32">
<pin_list>
<pin id="33" dir="1" index="0" bw="1" slack="0"/>
</pin_list>
<bind>
<StgValue><ssdm name=""/></StgValue>
</bind>
</comp>

<comp id="34" class="1001" name="const_34">
<pin_list>
<pin id="35" dir="1" index="0" bw="1" slack="0"/>
</pin_list>
<bind>
<StgValue><ssdm name=""/></StgValue>
</bind>
</comp>

<comp id="36" class="1001" name="const_36">
<pin_list>
<pin id="37" dir="1" index="0" bw="1" slack="2147483647"/>
</pin_list>
<bind>
<StgValue><ssdm name="_ssdm_op_SpecTopModule"/></StgValue>
</bind>
</comp>

<comp id="38" class="1001" name="const_38">
<pin_list>
<pin id="39" dir="1" index="0" bw="1" slack="2147483647"/>
</pin_list>
<bind>
<StgValue><ssdm name="empty_8"/></StgValue>
</bind>
</comp>

<comp id="40" class="1001" name="const_40">
<pin_list>
<pin id="41" dir="1" index="0" bw="1" slack="2147483647"/>
</pin_list>
<bind>
<StgValue><ssdm name="_ssdm_op_SpecInterface"/></StgValue>
</bind>
</comp>

<comp id="42" class="1001" name="const_42">
<pin_list>
<pin id="43" dir="1" index="0" bw="1" slack="2147483647"/>
</pin_list>
<bind>
<StgValue><ssdm name="empty"/></StgValue>
</bind>
</comp>

<comp id="44" class="1001" name="const_44">
<pin_list>
<pin id="45" dir="1" index="0" bw="1" slack="2147483647"/>
</pin_list>
<bind>
<StgValue><ssdm name="empty_0"/></StgValue>
</bind>
</comp>

<comp id="46" class="1001" name="const_46">
<pin_list>
<pin id="47" dir="1" index="0" bw="1" slack="2147483647"/>
</pin_list>
<bind>
<StgValue><ssdm name="empty_1"/></StgValue>
</bind>
</comp>

<comp id="48" class="1001" name="const_48">
<pin_list>
<pin id="49" dir="1" index="0" bw="1" slack="2147483647"/>
</pin_list>
<bind>
<StgValue><ssdm name=""/></StgValue>
</bind>
</comp>

<comp id="50" class="1001" name="const_50">
<pin_list>
<pin id="51" dir="1" index="0" bw="1" slack="2147483647"/>
</pin_list>
<bind>
<StgValue><ssdm name="_ssdm_op_SpecBitsMap"/></StgValue>
</bind>
</comp>

<comp id="52" class="1001" name="const_52">
<pin_list>
<pin id="53" dir="1" index="0" bw="1" slack="2147483647"/>
</pin_list>
<bind>
<StgValue><ssdm name="empty_2"/></StgValue>
</bind>
</comp>

<comp id="54" class="1001" name="const_54">
<pin_list>
<pin id="55" dir="1" index="0" bw="1" slack="2147483647"/>
</pin_list>
<bind>
<StgValue><ssdm name="empty_3"/></StgValue>
</bind>
</comp>

<comp id="56" class="1001" name="const_56">
<pin_list>
<pin id="57" dir="1" index="0" bw="1" slack="2147483647"/>
</pin_list>
<bind>
<StgValue><ssdm name="empty_4"/></StgValue>
</bind>
</comp>

<comp id="58" class="1001" name="const_58">
<pin_list>
<pin id="59" dir="1" index="0" bw="1" slack="2147483647"/>
</pin_list>
<bind>
<StgValue><ssdm name="empty_5"/></StgValue>
</bind>
</comp>

<comp id="60" class="1001" name="const_60">
<pin_list>
<pin id="61" dir="1" index="0" bw="1" slack="0"/>
</pin_list>
<bind>
<StgValue><ssdm name=""/></StgValue>
</bind>
</comp>

<comp id="62" class="1001" name="const_62">
<pin_list>
<pin id="63" dir="1" index="0" bw="1" slack="0"/>
</pin_list>
<bind>
<StgValue><ssdm name=""/></StgValue>
</bind>
</comp>

<comp id="64" class="1001" name="const_64">
<pin_list>
<pin id="65" dir="1" index="0" bw="1" slack="2147483647"/>
</pin_list>
<bind>
<StgValue><ssdm name="_ssdm_op_SpecAXISSideChannel"/></StgValue>
</bind>
</comp>

<comp id="66" class="1001" name="const_66">
<pin_list>
<pin id="67" dir="1" index="0" bw="1" slack="2147483647"/>
</pin_list>
<bind>
<StgValue><ssdm name=""/></StgValue>
</bind>
</comp>

<comp id="68" class="1001" name="const_68">
<pin_list>
<pin id="69" dir="1" index="0" bw="1" slack="2147483647"/>
</pin_list>
<bind>
<StgValue><ssdm name="empty_6"/></StgValue>
</bind>
</comp>

<comp id="70" class="1001" name="const_70">
<pin_list>
<pin id="71" dir="1" index="0" bw="1" slack="2147483647"/>
</pin_list>
<bind>
<StgValue><ssdm name="empty_7"/></StgValue>
</bind>
</comp>

<comp id="72" class="1001" name="const_72">
<pin_list>
<pin id="73" dir="1" index="0" bw="1" slack="0"/>
</pin_list>
<bind>
<StgValue><ssdm name=""/></StgValue>
</bind>
</comp>

<comp id="74" class="1001" name="const_74">
<pin_list>
<pin id="75" dir="1" index="0" bw="1" slack="2147483647"/>
</pin_list>
<bind>
<StgValue><ssdm name="_ssdm_op_Wait"/></StgValue>
</bind>
</comp>

<comp id="76" class="1001" name="const_76">
<pin_list>
<pin id="77" dir="1" index="0" bw="1" slack="0"/>
</pin_list>
<bind>
<StgValue><ssdm name="pack_int4_transpose_Pipeline_read_loop"/></StgValue>
</bind>
</comp>

<comp id="78" class="1001" name="const_78">
<pin_list>
<pin id="79" dir="1" index="0" bw="1" slack="0"/>
</pin_list>
<bind>
<StgValue><ssdm name="_ssdm_op_BitConcatenate.i128.i4.i4.i4.i4.i4.i4.i4.i4.i4.i4.i4.i4.i4.i4.i4.i4.i4.i4.i4.i4.i4.i4.i4.i4.i4.i4.i4.i4.i4.i4.i4.i4"/></StgValue>
</bind>
</comp>

<comp id="80" class="1001" name="const_80">
<pin_list>
<pin id="81" dir="1" index="0" bw="1" slack="0"/>
</pin_list>
<bind>
<StgValue><ssdm name="_ssdm_op_Write.axis.volatile.i128P0A.i16P0A.i16P0A.i1P0A"/></StgValue>
</bind>
</comp>

<comp id="82" class="1001" name="const_82">
<pin_list>
<pin id="83" dir="1" index="0" bw="1" slack="0"/>
</pin_list>
<bind>
<StgValue><ssdm name=""/></StgValue>
</bind>
</comp>

<comp id="84" class="1001" name="const_84">
<pin_list>
<pin id="85" dir="1" index="0" bw="1" slack="0"/>
</pin_list>
<bind>
<StgValue><ssdm name=""/></StgValue>
</bind>
</comp>

<comp id="86" class="1001" name="const_86">
<pin_list>
<pin id="87" dir="1" index="0" bw="1" slack="2147483647"/>
</pin_list>
<bind>
<StgValue><ssdm name="_ssdm_op_SpecLoopTripCount"/></StgValue>
</bind>
</comp>

<comp id="88" class="1001" name="const_88">
<pin_list>
<pin id="89" dir="1" index="0" bw="1" slack="2147483647"/>
</pin_list>
<bind>
<StgValue><ssdm name=""/></StgValue>
</bind>
</comp>

<comp id="90" class="1001" name="const_90">
<pin_list>
<pin id="91" dir="1" index="0" bw="1" slack="2147483647"/>
</pin_list>
<bind>
<StgValue><ssdm name=""/></StgValue>
</bind>
</comp>

<comp id="92" class="1001" name="const_92">
<pin_list>
<pin id="93" dir="1" index="0" bw="1" slack="2147483647"/>
</pin_list>
<bind>
<StgValue><ssdm name=""/></StgValue>
</bind>
</comp>

<comp id="94" class="1001" name="const_94">
<pin_list>
<pin id="95" dir="1" index="0" bw="1" slack="2147483647"/>
</pin_list>
<bind>
<StgValue><ssdm name="_ssdm_op_SpecLoopName"/></StgValue>
</bind>
</comp>

<comp id="96" class="1001" name="const_96">
<pin_list>
<pin id="97" dir="1" index="0" bw="1" slack="2147483647"/>
</pin_list>
<bind>
<StgValue><ssdm name="empty_10"/></StgValue>
</bind>
</comp>

<comp id="98" class="1004" name="i_fu_98">
<pin_list>
<pin id="99" dir="0" index="0" bw="1" slack="0"/>
<pin id="100" dir="1" index="1" bw="27" slack="0"/>
</pin_list>
<bind>
<opcode="alloca(26) " fcode="alloca"/>
<opset="i/1 "/>
</bind>
</comp>

<comp id="102" class="1004" name="buffer_loc_fu_102">
<pin_list>
<pin id="103" dir="0" index="0" bw="1" slack="0"/>
<pin id="104" dir="1" index="1" bw="4" slack="2"/>
</pin_list>
<bind>
<opcode="alloca(26) " fcode="alloca"/>
<opset="buffer_loc/1 "/>
</bind>
</comp>

<comp id="106" class="1004" name="buffer_1_loc_fu_106">
<pin_list>
<pin id="107" dir="0" index="0" bw="1" slack="0"/>
<pin id="108" dir="1" index="1" bw="4" slack="2"/>
</pin_list>
<bind>
<opcode="alloca(26) " fcode="alloca"/>
<opset="buffer_1_loc/1 "/>
</bind>
</comp>

<comp id="110" class="1004" name="buffer_2_loc_fu_110">
<pin_list>
<pin id="111" dir="0" index="0" bw="1" slack="0"/>
<pin id="112" dir="1" index="1" bw="4" slack="2"/>
</pin_list>
<bind>
<opcode="alloca(26) " fcode="alloca"/>
<opset="buffer_2_loc/1 "/>
</bind>
</comp>

<comp id="114" class="1004" name="buffer_3_loc_fu_114">
<pin_list>
<pin id="115" dir="0" index="0" bw="1" slack="0"/>
<pin id="116" dir="1" index="1" bw="4" slack="2"/>
</pin_list>
<bind>
<opcode="alloca(26) " fcode="alloca"/>
<opset="buffer_3_loc/1 "/>
</bind>
</comp>

<comp id="118" class="1004" name="buffer_4_loc_fu_118">
<pin_list>
<pin id="119" dir="0" index="0" bw="1" slack="0"/>
<pin id="120" dir="1" index="1" bw="4" slack="2"/>
</pin_list>
<bind>
<opcode="alloca(26) " fcode="alloca"/>
<opset="buffer_4_loc/1 "/>
</bind>
</comp>

<comp id="122" class="1004" name="buffer_5_loc_fu_122">
<pin_list>
<pin id="123" dir="0" index="0" bw="1" slack="0"/>
<pin id="124" dir="1" index="1" bw="4" slack="2"/>
</pin_list>
<bind>
<opcode="alloca(26) " fcode="alloca"/>
<opset="buffer_5_loc/1 "/>
</bind>
</comp>

<comp id="126" class="1004" name="buffer_6_loc_fu_126">
<pin_list>
<pin id="127" dir="0" index="0" bw="1" slack="0"/>
<pin id="128" dir="1" index="1" bw="4" slack="2"/>
</pin_list>
<bind>
<opcode="alloca(26) " fcode="alloca"/>
<opset="buffer_6_loc/1 "/>
</bind>
</comp>

<comp id="130" class="1004" name="buffer_7_loc_fu_130">
<pin_list>
<pin id="131" dir="0" index="0" bw="1" slack="0"/>
<pin id="132" dir="1" index="1" bw="4" slack="2"/>
</pin_list>
<bind>
<opcode="alloca(26) " fcode="alloca"/>
<opset="buffer_7_loc/1 "/>
</bind>
</comp>

<comp id="134" class="1004" name="buffer_8_loc_fu_134">
<pin_list>
<pin id="135" dir="0" index="0" bw="1" slack="0"/>
<pin id="136" dir="1" index="1" bw="4" slack="2"/>
</pin_list>
<bind>
<opcode="alloca(26) " fcode="alloca"/>
<opset="buffer_8_loc/1 "/>
</bind>
</comp>

<comp id="138" class="1004" name="buffer_9_loc_fu_138">
<pin_list>
<pin id="139" dir="0" index="0" bw="1" slack="0"/>
<pin id="140" dir="1" index="1" bw="4" slack="2"/>
</pin_list>
<bind>
<opcode="alloca(26) " fcode="alloca"/>
<opset="buffer_9_loc/1 "/>
</bind>
</comp>

<comp id="142" class="1004" name="buffer_10_loc_fu_142">
<pin_list>
<pin id="143" dir="0" index="0" bw="1" slack="0"/>
<pin id="144" dir="1" index="1" bw="4" slack="2"/>
</pin_list>
<bind>
<opcode="alloca(26) " fcode="alloca"/>
<opset="buffer_10_loc/1 "/>
</bind>
</comp>

<comp id="146" class="1004" name="buffer_11_loc_fu_146">
<pin_list>
<pin id="147" dir="0" index="0" bw="1" slack="0"/>
<pin id="148" dir="1" index="1" bw="4" slack="2"/>
</pin_list>
<bind>
<opcode="alloca(26) " fcode="alloca"/>
<opset="buffer_11_loc/1 "/>
</bind>
</comp>

<comp id="150" class="1004" name="buffer_12_loc_fu_150">
<pin_list>
<pin id="151" dir="0" index="0" bw="1" slack="0"/>
<pin id="152" dir="1" index="1" bw="4" slack="2"/>
</pin_list>
<bind>
<opcode="alloca(26) " fcode="alloca"/>
<opset="buffer_12_loc/1 "/>
</bind>
</comp>

<comp id="154" class="1004" name="buffer_13_loc_fu_154">
<pin_list>
<pin id="155" dir="0" index="0" bw="1" slack="0"/>
<pin id="156" dir="1" index="1" bw="4" slack="2"/>
</pin_list>
<bind>
<opcode="alloca(26) " fcode="alloca"/>
<opset="buffer_13_loc/1 "/>
</bind>
</comp>

<comp id="158" class="1004" name="buffer_14_loc_fu_158">
<pin_list>
<pin id="159" dir="0" index="0" bw="1" slack="0"/>
<pin id="160" dir="1" index="1" bw="4" slack="2"/>
</pin_list>
<bind>
<opcode="alloca(26) " fcode="alloca"/>
<opset="buffer_14_loc/1 "/>
</bind>
</comp>

<comp id="162" class="1004" name="buffer_15_loc_fu_162">
<pin_list>
<pin id="163" dir="0" index="0" bw="1" slack="0"/>
<pin id="164" dir="1" index="1" bw="4" slack="2"/>
</pin_list>
<bind>
<opcode="alloca(26) " fcode="alloca"/>
<opset="buffer_15_loc/1 "/>
</bind>
</comp>

<comp id="166" class="1004" name="buffer_16_loc_fu_166">
<pin_list>
<pin id="167" dir="0" index="0" bw="1" slack="0"/>
<pin id="168" dir="1" index="1" bw="4" slack="2"/>
</pin_list>
<bind>
<opcode="alloca(26) " fcode="alloca"/>
<opset="buffer_16_loc/1 "/>
</bind>
</comp>

<comp id="170" class="1004" name="buffer_17_loc_fu_170">
<pin_list>
<pin id="171" dir="0" index="0" bw="1" slack="0"/>
<pin id="172" dir="1" index="1" bw="4" slack="2"/>
</pin_list>
<bind>
<opcode="alloca(26) " fcode="alloca"/>
<opset="buffer_17_loc/1 "/>
</bind>
</comp>

<comp id="174" class="1004" name="buffer_18_loc_fu_174">
<pin_list>
<pin id="175" dir="0" index="0" bw="1" slack="0"/>
<pin id="176" dir="1" index="1" bw="4" slack="2"/>
</pin_list>
<bind>
<opcode="alloca(26) " fcode="alloca"/>
<opset="buffer_18_loc/1 "/>
</bind>
</comp>

<comp id="178" class="1004" name="buffer_19_loc_fu_178">
<pin_list>
<pin id="179" dir="0" index="0" bw="1" slack="0"/>
<pin id="180" dir="1" index="1" bw="4" slack="2"/>
</pin_list>
<bind>
<opcode="alloca(26) " fcode="alloca"/>
<opset="buffer_19_loc/1 "/>
</bind>
</comp>

<comp id="182" class="1004" name="buffer_20_loc_fu_182">
<pin_list>
<pin id="183" dir="0" index="0" bw="1" slack="0"/>
<pin id="184" dir="1" index="1" bw="4" slack="2"/>
</pin_list>
<bind>
<opcode="alloca(26) " fcode="alloca"/>
<opset="buffer_20_loc/1 "/>
</bind>
</comp>

<comp id="186" class="1004" name="buffer_21_loc_fu_186">
<pin_list>
<pin id="187" dir="0" index="0" bw="1" slack="0"/>
<pin id="188" dir="1" index="1" bw="4" slack="2"/>
</pin_list>
<bind>
<opcode="alloca(26) " fcode="alloca"/>
<opset="buffer_21_loc/1 "/>
</bind>
</comp>

<comp id="190" class="1004" name="buffer_22_loc_fu_190">
<pin_list>
<pin id="191" dir="0" index="0" bw="1" slack="0"/>
<pin id="192" dir="1" index="1" bw="4" slack="2"/>
</pin_list>
<bind>
<opcode="alloca(26) " fcode="alloca"/>
<opset="buffer_22_loc/1 "/>
</bind>
</comp>

<comp id="194" class="1004" name="buffer_23_loc_fu_194">
<pin_list>
<pin id="195" dir="0" index="0" bw="1" slack="0"/>
<pin id="196" dir="1" index="1" bw="4" slack="2"/>
</pin_list>
<bind>
<opcode="alloca(26) " fcode="alloca"/>
<opset="buffer_23_loc/1 "/>
</bind>
</comp>

<comp id="198" class="1004" name="buffer_24_loc_fu_198">
<pin_list>
<pin id="199" dir="0" index="0" bw="1" slack="0"/>
<pin id="200" dir="1" index="1" bw="4" slack="2"/>
</pin_list>
<bind>
<opcode="alloca(26) " fcode="alloca"/>
<opset="buffer_24_loc/1 "/>
</bind>
</comp>

<comp id="202" class="1004" name="buffer_25_loc_fu_202">
<pin_list>
<pin id="203" dir="0" index="0" bw="1" slack="0"/>
<pin id="204" dir="1" index="1" bw="4" slack="2"/>
</pin_list>
<bind>
<opcode="alloca(26) " fcode="alloca"/>
<opset="buffer_25_loc/1 "/>
</bind>
</comp>

<comp id="206" class="1004" name="buffer_26_loc_fu_206">
<pin_list>
<pin id="207" dir="0" index="0" bw="1" slack="0"/>
<pin id="208" dir="1" index="1" bw="4" slack="2"/>
</pin_list>
<bind>
<opcode="alloca(26) " fcode="alloca"/>
<opset="buffer_26_loc/1 "/>
</bind>
</comp>

<comp id="210" class="1004" name="buffer_27_loc_fu_210">
<pin_list>
<pin id="211" dir="0" index="0" bw="1" slack="0"/>
<pin id="212" dir="1" index="1" bw="4" slack="2"/>
</pin_list>
<bind>
<opcode="alloca(26) " fcode="alloca"/>
<opset="buffer_27_loc/1 "/>
</bind>
</comp>

<comp id="214" class="1004" name="buffer_28_loc_fu_214">
<pin_list>
<pin id="215" dir="0" index="0" bw="1" slack="0"/>
<pin id="216" dir="1" index="1" bw="4" slack="2"/>
</pin_list>
<bind>
<opcode="alloca(26) " fcode="alloca"/>
<opset="buffer_28_loc/1 "/>
</bind>
</comp>

<comp id="218" class="1004" name="buffer_29_loc_fu_218">
<pin_list>
<pin id="219" dir="0" index="0" bw="1" slack="0"/>
<pin id="220" dir="1" index="1" bw="4" slack="2"/>
</pin_list>
<bind>
<opcode="alloca(26) " fcode="alloca"/>
<opset="buffer_29_loc/1 "/>
</bind>
</comp>

<comp id="222" class="1004" name="buffer_30_loc_fu_222">
<pin_list>
<pin id="223" dir="0" index="0" bw="1" slack="0"/>
<pin id="224" dir="1" index="1" bw="4" slack="2"/>
</pin_list>
<bind>
<opcode="alloca(26) " fcode="alloca"/>
<opset="buffer_30_loc/1 "/>
</bind>
</comp>

<comp id="226" class="1004" name="buffer_31_loc_fu_226">
<pin_list>
<pin id="227" dir="0" index="0" bw="1" slack="0"/>
<pin id="228" dir="1" index="1" bw="4" slack="2"/>
</pin_list>
<bind>
<opcode="alloca(26) " fcode="alloca"/>
<opset="buffer_31_loc/1 "/>
</bind>
</comp>

<comp id="230" class="1004" name="num_elements_read_read_fu_230">
<pin_list>
<pin id="231" dir="0" index="0" bw="32" slack="0"/>
<pin id="232" dir="0" index="1" bw="32" slack="0"/>
<pin id="233" dir="1" index="2" bw="32" slack="0"/>
</pin_list>
<bind>
<opcode="read(1150) " fcode="read"/>
<opset="num_elements_read/1 "/>
</bind>
</comp>

<comp id="236" class="1004" name="grp_write_fu_236">
<pin_list>
<pin id="237" dir="0" index="0" bw="0" slack="0"/>
<pin id="238" dir="0" index="1" bw="128" slack="0"/>
<pin id="239" dir="0" index="2" bw="16" slack="0"/>
<pin id="240" dir="0" index="3" bw="16" slack="0"/>
<pin id="241" dir="0" index="4" bw="1" slack="0"/>
<pin id="242" dir="0" index="5" bw="128" slack="0"/>
<pin id="243" dir="0" index="6" bw="1" slack="0"/>
<pin id="244" dir="0" index="7" bw="1" slack="0"/>
<pin id="245" dir="0" index="8" bw="1" slack="2"/>
<pin id="246" dir="1" index="9" bw="0" slack="2147483647"/>
</pin_list>
<bind>
<opcode="write(1151) " fcode="write"/>
<opset="write_ln72/5 "/>
</bind>
</comp>

<comp id="254" class="1004" name="grp_pack_int4_transpose_Pipeline_read_loop_fu_254">
<pin_list>
<pin id="255" dir="0" index="0" bw="0" slack="0"/>
<pin id="256" dir="0" index="1" bw="32" slack="0"/>
<pin id="257" dir="0" index="2" bw="4" slack="0"/>
<pin id="258" dir="0" index="3" bw="4" slack="0"/>
<pin id="259" dir="0" index="4" bw="1" slack="0"/>
<pin id="260" dir="0" index="5" bw="4" slack="2"/>
<pin id="261" dir="0" index="6" bw="4" slack="2"/>
<pin id="262" dir="0" index="7" bw="4" slack="2"/>
<pin id="263" dir="0" index="8" bw="4" slack="2"/>
<pin id="264" dir="0" index="9" bw="4" slack="2"/>
<pin id="265" dir="0" index="10" bw="4" slack="2"/>
<pin id="266" dir="0" index="11" bw="4" slack="2"/>
<pin id="267" dir="0" index="12" bw="4" slack="2"/>
<pin id="268" dir="0" index="13" bw="4" slack="2"/>
<pin id="269" dir="0" index="14" bw="4" slack="2"/>
<pin id="270" dir="0" index="15" bw="4" slack="2"/>
<pin id="271" dir="0" index="16" bw="4" slack="2"/>
<pin id="272" dir="0" index="17" bw="4" slack="2"/>
<pin id="273" dir="0" index="18" bw="4" slack="2"/>
<pin id="274" dir="0" index="19" bw="4" slack="2"/>
<pin id="275" dir="0" index="20" bw="4" slack="2"/>
<pin id="276" dir="0" index="21" bw="4" slack="2"/>
<pin id="277" dir="0" index="22" bw="4" slack="2"/>
<pin id="278" dir="0" index="23" bw="4" slack="2"/>
<pin id="279" dir="0" index="24" bw="4" slack="2"/>
<pin id="280" dir="0" index="25" bw="4" slack="2"/>
<pin id="281" dir="0" index="26" bw="4" slack="2"/>
<pin id="282" dir="0" index="27" bw="4" slack="2"/>
<pin id="283" dir="0" index="28" bw="4" slack="2"/>
<pin id="284" dir="0" index="29" bw="4" slack="2"/>
<pin id="285" dir="0" index="30" bw="4" slack="2"/>
<pin id="286" dir="0" index="31" bw="4" slack="2"/>
<pin id="287" dir="0" index="32" bw="4" slack="2"/>
<pin id="288" dir="0" index="33" bw="4" slack="2"/>
<pin id="289" dir="0" index="34" bw="4" slack="2"/>
<pin id="290" dir="0" index="35" bw="4" slack="2"/>
<pin id="291" dir="0" index="36" bw="4" slack="2"/>
<pin id="292" dir="1" index="37" bw="0" slack="2147483647"/>
</pin_list>
<bind>
<opcode="call(48) " fcode="call"/>
<opset="call_ln0/3 "/>
</bind>
</comp>

<comp id="298" class="1004" name="tmp_fu_298">
<pin_list>
<pin id="299" dir="0" index="0" bw="1" slack="0"/>
<pin id="300" dir="0" index="1" bw="32" slack="0"/>
<pin id="301" dir="0" index="2" bw="6" slack="0"/>
<pin id="302" dir="1" index="3" bw="1" slack="1"/>
</pin_list>
<bind>
<opcode="bitselect(1000) " fcode="bitselect"/>
<opset="tmp/1 "/>
</bind>
</comp>

<comp id="306" class="1004" name="sub_ln21_fu_306">
<pin_list>
<pin id="307" dir="0" index="0" bw="1" slack="0"/>
<pin id="308" dir="0" index="1" bw="32" slack="0"/>
<pin id="309" dir="1" index="2" bw="32" slack="0"/>
</pin_list>
<bind>
<opcode="sub(10) " fcode="sub"/>
<opset="sub_ln21/1 "/>
</bind>
</comp>

<comp id="312" class="1004" name="tmp_1_fu_312">
<pin_list>
<pin id="313" dir="0" index="0" bw="27" slack="0"/>
<pin id="314" dir="0" index="1" bw="32" slack="0"/>
<pin id="315" dir="0" index="2" bw="4" slack="0"/>
<pin id="316" dir="0" index="3" bw="6" slack="0"/>
<pin id="317" dir="1" index="4" bw="27" slack="1"/>
</pin_list>
<bind>
<opcode="partselect(1002) " fcode="partselect"/>
<opset="tmp_1/1 "/>
</bind>
</comp>

<comp id="322" class="1004" name="tmp_2_fu_322">
<pin_list>
<pin id="323" dir="0" index="0" bw="27" slack="0"/>
<pin id="324" dir="0" index="1" bw="32" slack="0"/>
<pin id="325" dir="0" index="2" bw="4" slack="0"/>
<pin id="326" dir="0" index="3" bw="6" slack="0"/>
<pin id="327" dir="1" index="4" bw="27" slack="1"/>
</pin_list>
<bind>
<opcode="partselect(1002) " fcode="partselect"/>
<opset="tmp_2/1 "/>
</bind>
</comp>

<comp id="332" class="1004" name="store_ln23_store_fu_332">
<pin_list>
<pin id="333" dir="0" index="0" bw="1" slack="0"/>
<pin id="334" dir="0" index="1" bw="27" slack="0"/>
<pin id="335" dir="1" index="2" bw="0" slack="2147483647"/>
</pin_list>
<bind>
<opcode="store(28) " fcode="store"/>
<opset="store_ln23/1 "/>
</bind>
</comp>

<comp id="337" class="1004" name="zext_ln21_fu_337">
<pin_list>
<pin id="338" dir="0" index="0" bw="27" slack="1"/>
<pin id="339" dir="1" index="1" bw="28" slack="0"/>
</pin_list>
<bind>
<opcode="zext(34) " fcode="zext"/>
<opset="zext_ln21/2 "/>
</bind>
</comp>

<comp id="340" class="1004" name="sub_ln21_1_fu_340">
<pin_list>
<pin id="341" dir="0" index="0" bw="1" slack="0"/>
<pin id="342" dir="0" index="1" bw="27" slack="0"/>
<pin id="343" dir="1" index="2" bw="28" slack="0"/>
</pin_list>
<bind>
<opcode="sub(10) " fcode="sub"/>
<opset="sub_ln21_1/2 "/>
</bind>
</comp>

<comp id="346" class="1004" name="zext_ln21_1_fu_346">
<pin_list>
<pin id="347" dir="0" index="0" bw="27" slack="1"/>
<pin id="348" dir="1" index="1" bw="28" slack="0"/>
</pin_list>
<bind>
<opcode="zext(34) " fcode="zext"/>
<opset="zext_ln21_1/2 "/>
</bind>
</comp>

<comp id="349" class="1004" name="num_blocks_fu_349">
<pin_list>
<pin id="350" dir="0" index="0" bw="1" slack="1"/>
<pin id="351" dir="0" index="1" bw="28" slack="0"/>
<pin id="352" dir="0" index="2" bw="28" slack="0"/>
<pin id="353" dir="1" index="3" bw="28" slack="0"/>
</pin_list>
<bind>
<opcode="select(49) " fcode="select"/>
<opset="num_blocks/2 "/>
</bind>
</comp>

<comp id="356" class="1004" name="sub_fu_356">
<pin_list>
<pin id="357" dir="0" index="0" bw="28" slack="0"/>
<pin id="358" dir="0" index="1" bw="1" slack="0"/>
<pin id="359" dir="1" index="2" bw="28" slack="1"/>
</pin_list>
<bind>
<opcode="add(8) " fcode="add"/>
<opset="sub/2 "/>
</bind>
</comp>

<comp id="362" class="1004" name="i_1_load_fu_362">
<pin_list>
<pin id="363" dir="0" index="0" bw="27" slack="2"/>
<pin id="364" dir="1" index="1" bw="27" slack="0"/>
</pin_list>
<bind>
<opcode="load(27) " fcode="load"/>
<opset="i_1/3 "/>
</bind>
</comp>

<comp id="365" class="1004" name="zext_ln23_fu_365">
<pin_list>
<pin id="366" dir="0" index="0" bw="27" slack="0"/>
<pin id="367" dir="1" index="1" bw="28" slack="0"/>
</pin_list>
<bind>
<opcode="zext(34) " fcode="zext"/>
<opset="zext_ln23/3 "/>
</bind>
</comp>

<comp id="369" class="1004" name="icmp_ln23_fu_369">
<pin_list>
<pin id="370" dir="0" index="0" bw="28" slack="0"/>
<pin id="371" dir="0" index="1" bw="28" slack="1"/>
<pin id="372" dir="1" index="2" bw="1" slack="2147483647"/>
</pin_list>
<bind>
<opcode="icmp(45) " fcode="icmp"/>
<opset="icmp_ln23/3 "/>
</bind>
</comp>

<comp id="374" class="1004" name="i_2_fu_374">
<pin_list>
<pin id="375" dir="0" index="0" bw="27" slack="0"/>
<pin id="376" dir="0" index="1" bw="1" slack="0"/>
<pin id="377" dir="1" index="2" bw="27" slack="0"/>
</pin_list>
<bind>
<opcode="add(8) " fcode="add"/>
<opset="i_2/3 "/>
</bind>
</comp>

<comp id="380" class="1004" name="p_out_last_fu_380">
<pin_list>
<pin id="381" dir="0" index="0" bw="28" slack="0"/>
<pin id="382" dir="0" index="1" bw="28" slack="1"/>
<pin id="383" dir="1" index="2" bw="1" slack="2"/>
</pin_list>
<bind>
<opcode="icmp(45) " fcode="icmp"/>
<opset="p_out_last/3 "/>
</bind>
</comp>

<comp id="385" class="1004" name="store_ln23_store_fu_385">
<pin_list>
<pin id="386" dir="0" index="0" bw="27" slack="0"/>
<pin id="387" dir="0" index="1" bw="27" slack="2"/>
<pin id="388" dir="1" index="2" bw="0" slack="2147483647"/>
</pin_list>
<bind>
<opcode="store(28) " fcode="store"/>
<opset="store_ln23/3 "/>
</bind>
</comp>

<comp id="390" class="1004" name="buffer_31_loc_load_load_fu_390">
<pin_list>
<pin id="391" dir="0" index="0" bw="4" slack="4"/>
<pin id="392" dir="1" index="1" bw="4" slack="0"/>
</pin_list>
<bind>
<opcode="load(27) " fcode="load"/>
<opset="buffer_31_loc_load/5 "/>
</bind>
</comp>

<comp id="393" class="1004" name="buffer_30_loc_load_load_fu_393">
<pin_list>
<pin id="394" dir="0" index="0" bw="4" slack="4"/>
<pin id="395" dir="1" index="1" bw="4" slack="0"/>
</pin_list>
<bind>
<opcode="load(27) " fcode="load"/>
<opset="buffer_30_loc_load/5 "/>
</bind>
</comp>

<comp id="396" class="1004" name="buffer_29_loc_load_load_fu_396">
<pin_list>
<pin id="397" dir="0" index="0" bw="4" slack="4"/>
<pin id="398" dir="1" index="1" bw="4" slack="0"/>
</pin_list>
<bind>
<opcode="load(27) " fcode="load"/>
<opset="buffer_29_loc_load/5 "/>
</bind>
</comp>

<comp id="399" class="1004" name="buffer_28_loc_load_load_fu_399">
<pin_list>
<pin id="400" dir="0" index="0" bw="4" slack="4"/>
<pin id="401" dir="1" index="1" bw="4" slack="0"/>
</pin_list>
<bind>
<opcode="load(27) " fcode="load"/>
<opset="buffer_28_loc_load/5 "/>
</bind>
</comp>

<comp id="402" class="1004" name="buffer_27_loc_load_load_fu_402">
<pin_list>
<pin id="403" dir="0" index="0" bw="4" slack="4"/>
<pin id="404" dir="1" index="1" bw="4" slack="0"/>
</pin_list>
<bind>
<opcode="load(27) " fcode="load"/>
<opset="buffer_27_loc_load/5 "/>
</bind>
</comp>

<comp id="405" class="1004" name="buffer_26_loc_load_load_fu_405">
<pin_list>
<pin id="406" dir="0" index="0" bw="4" slack="4"/>
<pin id="407" dir="1" index="1" bw="4" slack="0"/>
</pin_list>
<bind>
<opcode="load(27) " fcode="load"/>
<opset="buffer_26_loc_load/5 "/>
</bind>
</comp>

<comp id="408" class="1004" name="buffer_25_loc_load_load_fu_408">
<pin_list>
<pin id="409" dir="0" index="0" bw="4" slack="4"/>
<pin id="410" dir="1" index="1" bw="4" slack="0"/>
</pin_list>
<bind>
<opcode="load(27) " fcode="load"/>
<opset="buffer_25_loc_load/5 "/>
</bind>
</comp>

<comp id="411" class="1004" name="buffer_24_loc_load_load_fu_411">
<pin_list>
<pin id="412" dir="0" index="0" bw="4" slack="4"/>
<pin id="413" dir="1" index="1" bw="4" slack="0"/>
</pin_list>
<bind>
<opcode="load(27) " fcode="load"/>
<opset="buffer_24_loc_load/5 "/>
</bind>
</comp>

<comp id="414" class="1004" name="buffer_23_loc_load_load_fu_414">
<pin_list>
<pin id="415" dir="0" index="0" bw="4" slack="4"/>
<pin id="416" dir="1" index="1" bw="4" slack="0"/>
</pin_list>
<bind>
<opcode="load(27) " fcode="load"/>
<opset="buffer_23_loc_load/5 "/>
</bind>
</comp>

<comp id="417" class="1004" name="buffer_22_loc_load_load_fu_417">
<pin_list>
<pin id="418" dir="0" index="0" bw="4" slack="4"/>
<pin id="419" dir="1" index="1" bw="4" slack="0"/>
</pin_list>
<bind>
<opcode="load(27) " fcode="load"/>
<opset="buffer_22_loc_load/5 "/>
</bind>
</comp>

<comp id="420" class="1004" name="buffer_21_loc_load_load_fu_420">
<pin_list>
<pin id="421" dir="0" index="0" bw="4" slack="4"/>
<pin id="422" dir="1" index="1" bw="4" slack="0"/>
</pin_list>
<bind>
<opcode="load(27) " fcode="load"/>
<opset="buffer_21_loc_load/5 "/>
</bind>
</comp>

<comp id="423" class="1004" name="buffer_20_loc_load_load_fu_423">
<pin_list>
<pin id="424" dir="0" index="0" bw="4" slack="4"/>
<pin id="425" dir="1" index="1" bw="4" slack="0"/>
</pin_list>
<bind>
<opcode="load(27) " fcode="load"/>
<opset="buffer_20_loc_load/5 "/>
</bind>
</comp>

<comp id="426" class="1004" name="buffer_19_loc_load_load_fu_426">
<pin_list>
<pin id="427" dir="0" index="0" bw="4" slack="4"/>
<pin id="428" dir="1" index="1" bw="4" slack="0"/>
</pin_list>
<bind>
<opcode="load(27) " fcode="load"/>
<opset="buffer_19_loc_load/5 "/>
</bind>
</comp>

<comp id="429" class="1004" name="buffer_18_loc_load_load_fu_429">
<pin_list>
<pin id="430" dir="0" index="0" bw="4" slack="4"/>
<pin id="431" dir="1" index="1" bw="4" slack="0"/>
</pin_list>
<bind>
<opcode="load(27) " fcode="load"/>
<opset="buffer_18_loc_load/5 "/>
</bind>
</comp>

<comp id="432" class="1004" name="buffer_17_loc_load_load_fu_432">
<pin_list>
<pin id="433" dir="0" index="0" bw="4" slack="4"/>
<pin id="434" dir="1" index="1" bw="4" slack="0"/>
</pin_list>
<bind>
<opcode="load(27) " fcode="load"/>
<opset="buffer_17_loc_load/5 "/>
</bind>
</comp>

<comp id="435" class="1004" name="buffer_16_loc_load_load_fu_435">
<pin_list>
<pin id="436" dir="0" index="0" bw="4" slack="4"/>
<pin id="437" dir="1" index="1" bw="4" slack="0"/>
</pin_list>
<bind>
<opcode="load(27) " fcode="load"/>
<opset="buffer_16_loc_load/5 "/>
</bind>
</comp>

<comp id="438" class="1004" name="buffer_15_loc_load_load_fu_438">
<pin_list>
<pin id="439" dir="0" index="0" bw="4" slack="4"/>
<pin id="440" dir="1" index="1" bw="4" slack="0"/>
</pin_list>
<bind>
<opcode="load(27) " fcode="load"/>
<opset="buffer_15_loc_load/5 "/>
</bind>
</comp>

<comp id="441" class="1004" name="buffer_14_loc_load_load_fu_441">
<pin_list>
<pin id="442" dir="0" index="0" bw="4" slack="4"/>
<pin id="443" dir="1" index="1" bw="4" slack="0"/>
</pin_list>
<bind>
<opcode="load(27) " fcode="load"/>
<opset="buffer_14_loc_load/5 "/>
</bind>
</comp>

<comp id="444" class="1004" name="buffer_13_loc_load_load_fu_444">
<pin_list>
<pin id="445" dir="0" index="0" bw="4" slack="4"/>
<pin id="446" dir="1" index="1" bw="4" slack="0"/>
</pin_list>
<bind>
<opcode="load(27) " fcode="load"/>
<opset="buffer_13_loc_load/5 "/>
</bind>
</comp>

<comp id="447" class="1004" name="buffer_12_loc_load_load_fu_447">
<pin_list>
<pin id="448" dir="0" index="0" bw="4" slack="4"/>
<pin id="449" dir="1" index="1" bw="4" slack="0"/>
</pin_list>
<bind>
<opcode="load(27) " fcode="load"/>
<opset="buffer_12_loc_load/5 "/>
</bind>
</comp>

<comp id="450" class="1004" name="buffer_11_loc_load_load_fu_450">
<pin_list>
<pin id="451" dir="0" index="0" bw="4" slack="4"/>
<pin id="452" dir="1" index="1" bw="4" slack="0"/>
</pin_list>
<bind>
<opcode="load(27) " fcode="load"/>
<opset="buffer_11_loc_load/5 "/>
</bind>
</comp>

<comp id="453" class="1004" name="buffer_10_loc_load_load_fu_453">
<pin_list>
<pin id="454" dir="0" index="0" bw="4" slack="4"/>
<pin id="455" dir="1" index="1" bw="4" slack="0"/>
</pin_list>
<bind>
<opcode="load(27) " fcode="load"/>
<opset="buffer_10_loc_load/5 "/>
</bind>
</comp>

<comp id="456" class="1004" name="buffer_9_loc_load_load_fu_456">
<pin_list>
<pin id="457" dir="0" index="0" bw="4" slack="4"/>
<pin id="458" dir="1" index="1" bw="4" slack="0"/>
</pin_list>
<bind>
<opcode="load(27) " fcode="load"/>
<opset="buffer_9_loc_load/5 "/>
</bind>
</comp>

<comp id="459" class="1004" name="buffer_8_loc_load_load_fu_459">
<pin_list>
<pin id="460" dir="0" index="0" bw="4" slack="4"/>
<pin id="461" dir="1" index="1" bw="4" slack="0"/>
</pin_list>
<bind>
<opcode="load(27) " fcode="load"/>
<opset="buffer_8_loc_load/5 "/>
</bind>
</comp>

<comp id="462" class="1004" name="buffer_7_loc_load_load_fu_462">
<pin_list>
<pin id="463" dir="0" index="0" bw="4" slack="4"/>
<pin id="464" dir="1" index="1" bw="4" slack="0"/>
</pin_list>
<bind>
<opcode="load(27) " fcode="load"/>
<opset="buffer_7_loc_load/5 "/>
</bind>
</comp>

<comp id="465" class="1004" name="buffer_6_loc_load_load_fu_465">
<pin_list>
<pin id="466" dir="0" index="0" bw="4" slack="4"/>
<pin id="467" dir="1" index="1" bw="4" slack="0"/>
</pin_list>
<bind>
<opcode="load(27) " fcode="load"/>
<opset="buffer_6_loc_load/5 "/>
</bind>
</comp>

<comp id="468" class="1004" name="buffer_5_loc_load_load_fu_468">
<pin_list>
<pin id="469" dir="0" index="0" bw="4" slack="4"/>
<pin id="470" dir="1" index="1" bw="4" slack="0"/>
</pin_list>
<bind>
<opcode="load(27) " fcode="load"/>
<opset="buffer_5_loc_load/5 "/>
</bind>
</comp>

<comp id="471" class="1004" name="buffer_4_loc_load_load_fu_471">
<pin_list>
<pin id="472" dir="0" index="0" bw="4" slack="4"/>
<pin id="473" dir="1" index="1" bw="4" slack="0"/>
</pin_list>
<bind>
<opcode="load(27) " fcode="load"/>
<opset="buffer_4_loc_load/5 "/>
</bind>
</comp>

<comp id="474" class="1004" name="buffer_3_loc_load_load_fu_474">
<pin_list>
<pin id="475" dir="0" index="0" bw="4" slack="4"/>
<pin id="476" dir="1" index="1" bw="4" slack="0"/>
</pin_list>
<bind>
<opcode="load(27) " fcode="load"/>
<opset="buffer_3_loc_load/5 "/>
</bind>
</comp>

<comp id="477" class="1004" name="buffer_2_loc_load_load_fu_477">
<pin_list>
<pin id="478" dir="0" index="0" bw="4" slack="4"/>
<pin id="479" dir="1" index="1" bw="4" slack="0"/>
</pin_list>
<bind>
<opcode="load(27) " fcode="load"/>
<opset="buffer_2_loc_load/5 "/>
</bind>
</comp>

<comp id="480" class="1004" name="buffer_1_loc_load_load_fu_480">
<pin_list>
<pin id="481" dir="0" index="0" bw="4" slack="4"/>
<pin id="482" dir="1" index="1" bw="4" slack="0"/>
</pin_list>
<bind>
<opcode="load(27) " fcode="load"/>
<opset="buffer_1_loc_load/5 "/>
</bind>
</comp>

<comp id="483" class="1004" name="buffer_loc_load_load_fu_483">
<pin_list>
<pin id="484" dir="0" index="0" bw="4" slack="4"/>
<pin id="485" dir="1" index="1" bw="4" slack="0"/>
</pin_list>
<bind>
<opcode="load(27) " fcode="load"/>
<opset="buffer_loc_load/5 "/>
</bind>
</comp>

<comp id="486" class="1004" name="out_val_fu_486">
<pin_list>
<pin id="487" dir="0" index="0" bw="128" slack="0"/>
<pin id="488" dir="0" index="1" bw="4" slack="0"/>
<pin id="489" dir="0" index="2" bw="4" slack="0"/>
<pin id="490" dir="0" index="3" bw="4" slack="0"/>
<pin id="491" dir="0" index="4" bw="4" slack="0"/>
<pin id="492" dir="0" index="5" bw="4" slack="0"/>
<pin id="493" dir="0" index="6" bw="4" slack="0"/>
<pin id="494" dir="0" index="7" bw="4" slack="0"/>
<pin id="495" dir="0" index="8" bw="4" slack="0"/>
<pin id="496" dir="0" index="9" bw="4" slack="0"/>
<pin id="497" dir="0" index="10" bw="4" slack="0"/>
<pin id="498" dir="0" index="11" bw="4" slack="0"/>
<pin id="499" dir="0" index="12" bw="4" slack="0"/>
<pin id="500" dir="0" index="13" bw="4" slack="0"/>
<pin id="501" dir="0" index="14" bw="4" slack="0"/>
<pin id="502" dir="0" index="15" bw="4" slack="0"/>
<pin id="503" dir="0" index="16" bw="4" slack="0"/>
<pin id="504" dir="0" index="17" bw="4" slack="0"/>
<pin id="505" dir="0" index="18" bw="4" slack="0"/>
<pin id="506" dir="0" index="19" bw="4" slack="0"/>
<pin id="507" dir="0" index="20" bw="4" slack="0"/>
<pin id="508" dir="0" index="21" bw="4" slack="0"/>
<pin id="509" dir="0" index="22" bw="4" slack="0"/>
<pin id="510" dir="0" index="23" bw="4" slack="0"/>
<pin id="511" dir="0" index="24" bw="4" slack="0"/>
<pin id="512" dir="0" index="25" bw="4" slack="0"/>
<pin id="513" dir="0" index="26" bw="4" slack="0"/>
<pin id="514" dir="0" index="27" bw="4" slack="0"/>
<pin id="515" dir="0" index="28" bw="4" slack="0"/>
<pin id="516" dir="0" index="29" bw="4" slack="0"/>
<pin id="517" dir="0" index="30" bw="4" slack="0"/>
<pin id="518" dir="0" index="31" bw="4" slack="0"/>
<pin id="519" dir="0" index="32" bw="4" slack="0"/>
<pin id="520" dir="1" index="33" bw="128" slack="0"/>
</pin_list>
<bind>
<opcode="bitconcatenate(1004) " fcode="bitconcatenate"/>
<opset="out_val/5 "/>
</bind>
</comp>

<comp id="555" class="1005" name="i_reg_555">
<pin_list>
<pin id="556" dir="0" index="0" bw="27" slack="0"/>
<pin id="557" dir="1" index="1" bw="27" slack="0"/>
</pin_list>
<bind>
<opset="i "/>
</bind>
</comp>

<comp id="562" class="1005" name="buffer_loc_reg_562">
<pin_list>
<pin id="563" dir="0" index="0" bw="4" slack="2"/>
<pin id="564" dir="1" index="1" bw="4" slack="2"/>
</pin_list>
<bind>
<opset="buffer_loc "/>
</bind>
</comp>

<comp id="568" class="1005" name="buffer_1_loc_reg_568">
<pin_list>
<pin id="569" dir="0" index="0" bw="4" slack="2"/>
<pin id="570" dir="1" index="1" bw="4" slack="2"/>
</pin_list>
<bind>
<opset="buffer_1_loc "/>
</bind>
</comp>

<comp id="574" class="1005" name="buffer_2_loc_reg_574">
<pin_list>
<pin id="575" dir="0" index="0" bw="4" slack="2"/>
<pin id="576" dir="1" index="1" bw="4" slack="2"/>
</pin_list>
<bind>
<opset="buffer_2_loc "/>
</bind>
</comp>

<comp id="580" class="1005" name="buffer_3_loc_reg_580">
<pin_list>
<pin id="581" dir="0" index="0" bw="4" slack="2"/>
<pin id="582" dir="1" index="1" bw="4" slack="2"/>
</pin_list>
<bind>
<opset="buffer_3_loc "/>
</bind>
</comp>

<comp id="586" class="1005" name="buffer_4_loc_reg_586">
<pin_list>
<pin id="587" dir="0" index="0" bw="4" slack="2"/>
<pin id="588" dir="1" index="1" bw="4" slack="2"/>
</pin_list>
<bind>
<opset="buffer_4_loc "/>
</bind>
</comp>

<comp id="592" class="1005" name="buffer_5_loc_reg_592">
<pin_list>
<pin id="593" dir="0" index="0" bw="4" slack="2"/>
<pin id="594" dir="1" index="1" bw="4" slack="2"/>
</pin_list>
<bind>
<opset="buffer_5_loc "/>
</bind>
</comp>

<comp id="598" class="1005" name="buffer_6_loc_reg_598">
<pin_list>
<pin id="599" dir="0" index="0" bw="4" slack="2"/>
<pin id="600" dir="1" index="1" bw="4" slack="2"/>
</pin_list>
<bind>
<opset="buffer_6_loc "/>
</bind>
</comp>

<comp id="604" class="1005" name="buffer_7_loc_reg_604">
<pin_list>
<pin id="605" dir="0" index="0" bw="4" slack="2"/>
<pin id="606" dir="1" index="1" bw="4" slack="2"/>
</pin_list>
<bind>
<opset="buffer_7_loc "/>
</bind>
</comp>

<comp id="610" class="1005" name="buffer_8_loc_reg_610">
<pin_list>
<pin id="611" dir="0" index="0" bw="4" slack="2"/>
<pin id="612" dir="1" index="1" bw="4" slack="2"/>
</pin_list>
<bind>
<opset="buffer_8_loc "/>
</bind>
</comp>

<comp id="616" class="1005" name="buffer_9_loc_reg_616">
<pin_list>
<pin id="617" dir="0" index="0" bw="4" slack="2"/>
<pin id="618" dir="1" index="1" bw="4" slack="2"/>
</pin_list>
<bind>
<opset="buffer_9_loc "/>
</bind>
</comp>

<comp id="622" class="1005" name="buffer_10_loc_reg_622">
<pin_list>
<pin id="623" dir="0" index="0" bw="4" slack="2"/>
<pin id="624" dir="1" index="1" bw="4" slack="2"/>
</pin_list>
<bind>
<opset="buffer_10_loc "/>
</bind>
</comp>

<comp id="628" class="1005" name="buffer_11_loc_reg_628">
<pin_list>
<pin id="629" dir="0" index="0" bw="4" slack="2"/>
<pin id="630" dir="1" index="1" bw="4" slack="2"/>
</pin_list>
<bind>
<opset="buffer_11_loc "/>
</bind>
</comp>

<comp id="634" class="1005" name="buffer_12_loc_reg_634">
<pin_list>
<pin id="635" dir="0" index="0" bw="4" slack="2"/>
<pin id="636" dir="1" index="1" bw="4" slack="2"/>
</pin_list>
<bind>
<opset="buffer_12_loc "/>
</bind>
</comp>

<comp id="640" class="1005" name="buffer_13_loc_reg_640">
<pin_list>
<pin id="641" dir="0" index="0" bw="4" slack="2"/>
<pin id="642" dir="1" index="1" bw="4" slack="2"/>
</pin_list>
<bind>
<opset="buffer_13_loc "/>
</bind>
</comp>

<comp id="646" class="1005" name="buffer_14_loc_reg_646">
<pin_list>
<pin id="647" dir="0" index="0" bw="4" slack="2"/>
<pin id="648" dir="1" index="1" bw="4" slack="2"/>
</pin_list>
<bind>
<opset="buffer_14_loc "/>
</bind>
</comp>

<comp id="652" class="1005" name="buffer_15_loc_reg_652">
<pin_list>
<pin id="653" dir="0" index="0" bw="4" slack="2"/>
<pin id="654" dir="1" index="1" bw="4" slack="2"/>
</pin_list>
<bind>
<opset="buffer_15_loc "/>
</bind>
</comp>

<comp id="658" class="1005" name="buffer_16_loc_reg_658">
<pin_list>
<pin id="659" dir="0" index="0" bw="4" slack="2"/>
<pin id="660" dir="1" index="1" bw="4" slack="2"/>
</pin_list>
<bind>
<opset="buffer_16_loc "/>
</bind>
</comp>

<comp id="664" class="1005" name="buffer_17_loc_reg_664">
<pin_list>
<pin id="665" dir="0" index="0" bw="4" slack="2"/>
<pin id="666" dir="1" index="1" bw="4" slack="2"/>
</pin_list>
<bind>
<opset="buffer_17_loc "/>
</bind>
</comp>

<comp id="670" class="1005" name="buffer_18_loc_reg_670">
<pin_list>
<pin id="671" dir="0" index="0" bw="4" slack="2"/>
<pin id="672" dir="1" index="1" bw="4" slack="2"/>
</pin_list>
<bind>
<opset="buffer_18_loc "/>
</bind>
</comp>

<comp id="676" class="1005" name="buffer_19_loc_reg_676">
<pin_list>
<pin id="677" dir="0" index="0" bw="4" slack="2"/>
<pin id="678" dir="1" index="1" bw="4" slack="2"/>
</pin_list>
<bind>
<opset="buffer_19_loc "/>
</bind>
</comp>

<comp id="682" class="1005" name="buffer_20_loc_reg_682">
<pin_list>
<pin id="683" dir="0" index="0" bw="4" slack="2"/>
<pin id="684" dir="1" index="1" bw="4" slack="2"/>
</pin_list>
<bind>
<opset="buffer_20_loc "/>
</bind>
</comp>

<comp id="688" class="1005" name="buffer_21_loc_reg_688">
<pin_list>
<pin id="689" dir="0" index="0" bw="4" slack="2"/>
<pin id="690" dir="1" index="1" bw="4" slack="2"/>
</pin_list>
<bind>
<opset="buffer_21_loc "/>
</bind>
</comp>

<comp id="694" class="1005" name="buffer_22_loc_reg_694">
<pin_list>
<pin id="695" dir="0" index="0" bw="4" slack="2"/>
<pin id="696" dir="1" index="1" bw="4" slack="2"/>
</pin_list>
<bind>
<opset="buffer_22_loc "/>
</bind>
</comp>

<comp id="700" class="1005" name="buffer_23_loc_reg_700">
<pin_list>
<pin id="701" dir="0" index="0" bw="4" slack="2"/>
<pin id="702" dir="1" index="1" bw="4" slack="2"/>
</pin_list>
<bind>
<opset="buffer_23_loc "/>
</bind>
</comp>

<comp id="706" class="1005" name="buffer_24_loc_reg_706">
<pin_list>
<pin id="707" dir="0" index="0" bw="4" slack="2"/>
<pin id="708" dir="1" index="1" bw="4" slack="2"/>
</pin_list>
<bind>
<opset="buffer_24_loc "/>
</bind>
</comp>

<comp id="712" class="1005" name="buffer_25_loc_reg_712">
<pin_list>
<pin id="713" dir="0" index="0" bw="4" slack="2"/>
<pin id="714" dir="1" index="1" bw="4" slack="2"/>
</pin_list>
<bind>
<opset="buffer_25_loc "/>
</bind>
</comp>

<comp id="718" class="1005" name="buffer_26_loc_reg_718">
<pin_list>
<pin id="719" dir="0" index="0" bw="4" slack="2"/>
<pin id="720" dir="1" index="1" bw="4" slack="2"/>
</pin_list>
<bind>
<opset="buffer_26_loc "/>
</bind>
</comp>

<comp id="724" class="1005" name="buffer_27_loc_reg_724">
<pin_list>
<pin id="725" dir="0" index="0" bw="4" slack="2"/>
<pin id="726" dir="1" index="1" bw="4" slack="2"/>
</pin_list>
<bind>
<opset="buffer_27_loc "/>
</bind>
</comp>

<comp id="730" class="1005" name="buffer_28_loc_reg_730">
<pin_list>
<pin id="731" dir="0" index="0" bw="4" slack="2"/>
<pin id="732" dir="1" index="1" bw="4" slack="2"/>
</pin_list>
<bind>
<opset="buffer_28_loc "/>
</bind>
</comp>

<comp id="736" class="1005" name="buffer_29_loc_reg_736">
<pin_list>
<pin id="737" dir="0" index="0" bw="4" slack="2"/>
<pin id="738" dir="1" index="1" bw="4" slack="2"/>
</pin_list>
<bind>
<opset="buffer_29_loc "/>
</bind>
</comp>

<comp id="742" class="1005" name="buffer_30_loc_reg_742">
<pin_list>
<pin id="743" dir="0" index="0" bw="4" slack="2"/>
<pin id="744" dir="1" index="1" bw="4" slack="2"/>
</pin_list>
<bind>
<opset="buffer_30_loc "/>
</bind>
</comp>

<comp id="748" class="1005" name="buffer_31_loc_reg_748">
<pin_list>
<pin id="749" dir="0" index="0" bw="4" slack="2"/>
<pin id="750" dir="1" index="1" bw="4" slack="2"/>
</pin_list>
<bind>
<opset="buffer_31_loc "/>
</bind>
</comp>

<comp id="754" class="1005" name="tmp_reg_754">
<pin_list>
<pin id="755" dir="0" index="0" bw="1" slack="1"/>
<pin id="756" dir="1" index="1" bw="1" slack="1"/>
</pin_list>
<bind>
<opset="tmp "/>
</bind>
</comp>

<comp id="759" class="1005" name="tmp_1_reg_759">
<pin_list>
<pin id="760" dir="0" index="0" bw="27" slack="1"/>
<pin id="761" dir="1" index="1" bw="27" slack="1"/>
</pin_list>
<bind>
<opset="tmp_1 "/>
</bind>
</comp>

<comp id="764" class="1005" name="tmp_2_reg_764">
<pin_list>
<pin id="765" dir="0" index="0" bw="27" slack="1"/>
<pin id="766" dir="1" index="1" bw="27" slack="1"/>
</pin_list>
<bind>
<opset="tmp_2 "/>
</bind>
</comp>

<comp id="769" class="1005" name="num_blocks_reg_769">
<pin_list>
<pin id="770" dir="0" index="0" bw="28" slack="1"/>
<pin id="771" dir="1" index="1" bw="28" slack="1"/>
</pin_list>
<bind>
<opset="num_blocks "/>
</bind>
</comp>

<comp id="774" class="1005" name="sub_reg_774">
<pin_list>
<pin id="775" dir="0" index="0" bw="28" slack="1"/>
<pin id="776" dir="1" index="1" bw="28" slack="1"/>
</pin_list>
<bind>
<opset="sub "/>
</bind>
</comp>

<comp id="782" class="1005" name="p_out_last_reg_782">
<pin_list>
<pin id="783" dir="0" index="0" bw="1" slack="2"/>
<pin id="784" dir="1" index="1" bw="1" slack="2"/>
</pin_list>
<bind>
<opset="p_out_last "/>
</bind>
</comp>

<comp id="787" class="1005" name="out_val_reg_787">
<pin_list>
<pin id="788" dir="0" index="0" bw="128" slack="1"/>
<pin id="789" dir="1" index="1" bw="128" slack="1"/>
</pin_list>
<bind>
<opset="out_val "/>
</bind>
</comp>

</comp_list>

<net_list>
<net id="101"><net_src comp="18" pin="0"/><net_sink comp="98" pin=0"/></net>

<net id="105"><net_src comp="22" pin="0"/><net_sink comp="102" pin=0"/></net>

<net id="109"><net_src comp="22" pin="0"/><net_sink comp="106" pin=0"/></net>

<net id="113"><net_src comp="22" pin="0"/><net_sink comp="110" pin=0"/></net>

<net id="117"><net_src comp="22" pin="0"/><net_sink comp="114" pin=0"/></net>

<net id="121"><net_src comp="22" pin="0"/><net_sink comp="118" pin=0"/></net>

<net id="125"><net_src comp="22" pin="0"/><net_sink comp="122" pin=0"/></net>

<net id="129"><net_src comp="22" pin="0"/><net_sink comp="126" pin=0"/></net>

<net id="133"><net_src comp="22" pin="0"/><net_sink comp="130" pin=0"/></net>

<net id="137"><net_src comp="22" pin="0"/><net_sink comp="134" pin=0"/></net>

<net id="141"><net_src comp="22" pin="0"/><net_sink comp="138" pin=0"/></net>

<net id="145"><net_src comp="22" pin="0"/><net_sink comp="142" pin=0"/></net>

<net id="149"><net_src comp="22" pin="0"/><net_sink comp="146" pin=0"/></net>

<net id="153"><net_src comp="22" pin="0"/><net_sink comp="150" pin=0"/></net>

<net id="157"><net_src comp="22" pin="0"/><net_sink comp="154" pin=0"/></net>

<net id="161"><net_src comp="22" pin="0"/><net_sink comp="158" pin=0"/></net>

<net id="165"><net_src comp="22" pin="0"/><net_sink comp="162" pin=0"/></net>

<net id="169"><net_src comp="22" pin="0"/><net_sink comp="166" pin=0"/></net>

<net id="173"><net_src comp="22" pin="0"/><net_sink comp="170" pin=0"/></net>

<net id="177"><net_src comp="22" pin="0"/><net_sink comp="174" pin=0"/></net>

<net id="181"><net_src comp="22" pin="0"/><net_sink comp="178" pin=0"/></net>

<net id="185"><net_src comp="22" pin="0"/><net_sink comp="182" pin=0"/></net>

<net id="189"><net_src comp="22" pin="0"/><net_sink comp="186" pin=0"/></net>

<net id="193"><net_src comp="22" pin="0"/><net_sink comp="190" pin=0"/></net>

<net id="197"><net_src comp="22" pin="0"/><net_sink comp="194" pin=0"/></net>

<net id="201"><net_src comp="22" pin="0"/><net_sink comp="198" pin=0"/></net>

<net id="205"><net_src comp="22" pin="0"/><net_sink comp="202" pin=0"/></net>

<net id="209"><net_src comp="22" pin="0"/><net_sink comp="206" pin=0"/></net>

<net id="213"><net_src comp="22" pin="0"/><net_sink comp="210" pin=0"/></net>

<net id="217"><net_src comp="22" pin="0"/><net_sink comp="214" pin=0"/></net>

<net id="221"><net_src comp="22" pin="0"/><net_sink comp="218" pin=0"/></net>

<net id="225"><net_src comp="22" pin="0"/><net_sink comp="222" pin=0"/></net>

<net id="229"><net_src comp="22" pin="0"/><net_sink comp="226" pin=0"/></net>

<net id="234"><net_src comp="20" pin="0"/><net_sink comp="230" pin=0"/></net>

<net id="235"><net_src comp="16" pin="0"/><net_sink comp="230" pin=1"/></net>

<net id="247"><net_src comp="80" pin="0"/><net_sink comp="236" pin=0"/></net>

<net id="248"><net_src comp="8" pin="0"/><net_sink comp="236" pin=1"/></net>

<net id="249"><net_src comp="10" pin="0"/><net_sink comp="236" pin=2"/></net>

<net id="250"><net_src comp="12" pin="0"/><net_sink comp="236" pin=3"/></net>

<net id="251"><net_src comp="14" pin="0"/><net_sink comp="236" pin=4"/></net>

<net id="252"><net_src comp="82" pin="0"/><net_sink comp="236" pin=6"/></net>

<net id="253"><net_src comp="84" pin="0"/><net_sink comp="236" pin=7"/></net>

<net id="293"><net_src comp="76" pin="0"/><net_sink comp="254" pin=0"/></net>

<net id="294"><net_src comp="0" pin="0"/><net_sink comp="254" pin=1"/></net>

<net id="295"><net_src comp="2" pin="0"/><net_sink comp="254" pin=2"/></net>

<net id="296"><net_src comp="4" pin="0"/><net_sink comp="254" pin=3"/></net>

<net id="297"><net_src comp="6" pin="0"/><net_sink comp="254" pin=4"/></net>

<net id="303"><net_src comp="24" pin="0"/><net_sink comp="298" pin=0"/></net>

<net id="304"><net_src comp="230" pin="2"/><net_sink comp="298" pin=1"/></net>

<net id="305"><net_src comp="26" pin="0"/><net_sink comp="298" pin=2"/></net>

<net id="310"><net_src comp="28" pin="0"/><net_sink comp="306" pin=0"/></net>

<net id="311"><net_src comp="230" pin="2"/><net_sink comp="306" pin=1"/></net>

<net id="318"><net_src comp="30" pin="0"/><net_sink comp="312" pin=0"/></net>

<net id="319"><net_src comp="306" pin="2"/><net_sink comp="312" pin=1"/></net>

<net id="320"><net_src comp="32" pin="0"/><net_sink comp="312" pin=2"/></net>

<net id="321"><net_src comp="26" pin="0"/><net_sink comp="312" pin=3"/></net>

<net id="328"><net_src comp="30" pin="0"/><net_sink comp="322" pin=0"/></net>

<net id="329"><net_src comp="230" pin="2"/><net_sink comp="322" pin=1"/></net>

<net id="330"><net_src comp="32" pin="0"/><net_sink comp="322" pin=2"/></net>

<net id="331"><net_src comp="26" pin="0"/><net_sink comp="322" pin=3"/></net>

<net id="336"><net_src comp="34" pin="0"/><net_sink comp="332" pin=0"/></net>

<net id="344"><net_src comp="60" pin="0"/><net_sink comp="340" pin=0"/></net>

<net id="345"><net_src comp="337" pin="1"/><net_sink comp="340" pin=1"/></net>

<net id="354"><net_src comp="340" pin="2"/><net_sink comp="349" pin=1"/></net>

<net id="355"><net_src comp="346" pin="1"/><net_sink comp="349" pin=2"/></net>

<net id="360"><net_src comp="349" pin="3"/><net_sink comp="356" pin=0"/></net>

<net id="361"><net_src comp="62" pin="0"/><net_sink comp="356" pin=1"/></net>

<net id="368"><net_src comp="362" pin="1"/><net_sink comp="365" pin=0"/></net>

<net id="373"><net_src comp="365" pin="1"/><net_sink comp="369" pin=0"/></net>

<net id="378"><net_src comp="362" pin="1"/><net_sink comp="374" pin=0"/></net>

<net id="379"><net_src comp="72" pin="0"/><net_sink comp="374" pin=1"/></net>

<net id="384"><net_src comp="365" pin="1"/><net_sink comp="380" pin=0"/></net>

<net id="389"><net_src comp="374" pin="2"/><net_sink comp="385" pin=0"/></net>

<net id="521"><net_src comp="78" pin="0"/><net_sink comp="486" pin=0"/></net>

<net id="522"><net_src comp="390" pin="1"/><net_sink comp="486" pin=1"/></net>

<net id="523"><net_src comp="402" pin="1"/><net_sink comp="486" pin=2"/></net>

<net id="524"><net_src comp="414" pin="1"/><net_sink comp="486" pin=3"/></net>

<net id="525"><net_src comp="426" pin="1"/><net_sink comp="486" pin=4"/></net>

<net id="526"><net_src comp="438" pin="1"/><net_sink comp="486" pin=5"/></net>

<net id="527"><net_src comp="450" pin="1"/><net_sink comp="486" pin=6"/></net>

<net id="528"><net_src comp="462" pin="1"/><net_sink comp="486" pin=7"/></net>

<net id="529"><net_src comp="474" pin="1"/><net_sink comp="486" pin=8"/></net>

<net id="530"><net_src comp="393" pin="1"/><net_sink comp="486" pin=9"/></net>

<net id="531"><net_src comp="405" pin="1"/><net_sink comp="486" pin=10"/></net>

<net id="532"><net_src comp="417" pin="1"/><net_sink comp="486" pin=11"/></net>

<net id="533"><net_src comp="429" pin="1"/><net_sink comp="486" pin=12"/></net>

<net id="534"><net_src comp="441" pin="1"/><net_sink comp="486" pin=13"/></net>

<net id="535"><net_src comp="453" pin="1"/><net_sink comp="486" pin=14"/></net>

<net id="536"><net_src comp="465" pin="1"/><net_sink comp="486" pin=15"/></net>

<net id="537"><net_src comp="477" pin="1"/><net_sink comp="486" pin=16"/></net>

<net id="538"><net_src comp="396" pin="1"/><net_sink comp="486" pin=17"/></net>

<net id="539"><net_src comp="408" pin="1"/><net_sink comp="486" pin=18"/></net>

<net id="540"><net_src comp="420" pin="1"/><net_sink comp="486" pin=19"/></net>

<net id="541"><net_src comp="432" pin="1"/><net_sink comp="486" pin=20"/></net>

<net id="542"><net_src comp="444" pin="1"/><net_sink comp="486" pin=21"/></net>

<net id="543"><net_src comp="456" pin="1"/><net_sink comp="486" pin=22"/></net>

<net id="544"><net_src comp="468" pin="1"/><net_sink comp="486" pin=23"/></net>

<net id="545"><net_src comp="480" pin="1"/><net_sink comp="486" pin=24"/></net>

<net id="546"><net_src comp="399" pin="1"/><net_sink comp="486" pin=25"/></net>

<net id="547"><net_src comp="411" pin="1"/><net_sink comp="486" pin=26"/></net>

<net id="548"><net_src comp="423" pin="1"/><net_sink comp="486" pin=27"/></net>

<net id="549"><net_src comp="435" pin="1"/><net_sink comp="486" pin=28"/></net>

<net id="550"><net_src comp="447" pin="1"/><net_sink comp="486" pin=29"/></net>

<net id="551"><net_src comp="459" pin="1"/><net_sink comp="486" pin=30"/></net>

<net id="552"><net_src comp="471" pin="1"/><net_sink comp="486" pin=31"/></net>

<net id="553"><net_src comp="483" pin="1"/><net_sink comp="486" pin=32"/></net>

<net id="554"><net_src comp="486" pin="33"/><net_sink comp="236" pin=5"/></net>

<net id="558"><net_src comp="98" pin="1"/><net_sink comp="555" pin=0"/></net>

<net id="559"><net_src comp="555" pin="1"/><net_sink comp="332" pin=1"/></net>

<net id="560"><net_src comp="555" pin="1"/><net_sink comp="362" pin=0"/></net>

<net id="561"><net_src comp="555" pin="1"/><net_sink comp="385" pin=1"/></net>

<net id="565"><net_src comp="102" pin="1"/><net_sink comp="562" pin=0"/></net>

<net id="566"><net_src comp="562" pin="1"/><net_sink comp="254" pin=36"/></net>

<net id="567"><net_src comp="562" pin="1"/><net_sink comp="483" pin=0"/></net>

<net id="571"><net_src comp="106" pin="1"/><net_sink comp="568" pin=0"/></net>

<net id="572"><net_src comp="568" pin="1"/><net_sink comp="254" pin=35"/></net>

<net id="573"><net_src comp="568" pin="1"/><net_sink comp="480" pin=0"/></net>

<net id="577"><net_src comp="110" pin="1"/><net_sink comp="574" pin=0"/></net>

<net id="578"><net_src comp="574" pin="1"/><net_sink comp="254" pin=34"/></net>

<net id="579"><net_src comp="574" pin="1"/><net_sink comp="477" pin=0"/></net>

<net id="583"><net_src comp="114" pin="1"/><net_sink comp="580" pin=0"/></net>

<net id="584"><net_src comp="580" pin="1"/><net_sink comp="254" pin=33"/></net>

<net id="585"><net_src comp="580" pin="1"/><net_sink comp="474" pin=0"/></net>

<net id="589"><net_src comp="118" pin="1"/><net_sink comp="586" pin=0"/></net>

<net id="590"><net_src comp="586" pin="1"/><net_sink comp="254" pin=32"/></net>

<net id="591"><net_src comp="586" pin="1"/><net_sink comp="471" pin=0"/></net>

<net id="595"><net_src comp="122" pin="1"/><net_sink comp="592" pin=0"/></net>

<net id="596"><net_src comp="592" pin="1"/><net_sink comp="254" pin=31"/></net>

<net id="597"><net_src comp="592" pin="1"/><net_sink comp="468" pin=0"/></net>

<net id="601"><net_src comp="126" pin="1"/><net_sink comp="598" pin=0"/></net>

<net id="602"><net_src comp="598" pin="1"/><net_sink comp="254" pin=30"/></net>

<net id="603"><net_src comp="598" pin="1"/><net_sink comp="465" pin=0"/></net>

<net id="607"><net_src comp="130" pin="1"/><net_sink comp="604" pin=0"/></net>

<net id="608"><net_src comp="604" pin="1"/><net_sink comp="254" pin=29"/></net>

<net id="609"><net_src comp="604" pin="1"/><net_sink comp="462" pin=0"/></net>

<net id="613"><net_src comp="134" pin="1"/><net_sink comp="610" pin=0"/></net>

<net id="614"><net_src comp="610" pin="1"/><net_sink comp="254" pin=28"/></net>

<net id="615"><net_src comp="610" pin="1"/><net_sink comp="459" pin=0"/></net>

<net id="619"><net_src comp="138" pin="1"/><net_sink comp="616" pin=0"/></net>

<net id="620"><net_src comp="616" pin="1"/><net_sink comp="254" pin=27"/></net>

<net id="621"><net_src comp="616" pin="1"/><net_sink comp="456" pin=0"/></net>

<net id="625"><net_src comp="142" pin="1"/><net_sink comp="622" pin=0"/></net>

<net id="626"><net_src comp="622" pin="1"/><net_sink comp="254" pin=26"/></net>

<net id="627"><net_src comp="622" pin="1"/><net_sink comp="453" pin=0"/></net>

<net id="631"><net_src comp="146" pin="1"/><net_sink comp="628" pin=0"/></net>

<net id="632"><net_src comp="628" pin="1"/><net_sink comp="254" pin=25"/></net>

<net id="633"><net_src comp="628" pin="1"/><net_sink comp="450" pin=0"/></net>

<net id="637"><net_src comp="150" pin="1"/><net_sink comp="634" pin=0"/></net>

<net id="638"><net_src comp="634" pin="1"/><net_sink comp="254" pin=24"/></net>

<net id="639"><net_src comp="634" pin="1"/><net_sink comp="447" pin=0"/></net>

<net id="643"><net_src comp="154" pin="1"/><net_sink comp="640" pin=0"/></net>

<net id="644"><net_src comp="640" pin="1"/><net_sink comp="254" pin=23"/></net>

<net id="645"><net_src comp="640" pin="1"/><net_sink comp="444" pin=0"/></net>

<net id="649"><net_src comp="158" pin="1"/><net_sink comp="646" pin=0"/></net>

<net id="650"><net_src comp="646" pin="1"/><net_sink comp="254" pin=22"/></net>

<net id="651"><net_src comp="646" pin="1"/><net_sink comp="441" pin=0"/></net>

<net id="655"><net_src comp="162" pin="1"/><net_sink comp="652" pin=0"/></net>

<net id="656"><net_src comp="652" pin="1"/><net_sink comp="254" pin=21"/></net>

<net id="657"><net_src comp="652" pin="1"/><net_sink comp="438" pin=0"/></net>

<net id="661"><net_src comp="166" pin="1"/><net_sink comp="658" pin=0"/></net>

<net id="662"><net_src comp="658" pin="1"/><net_sink comp="254" pin=20"/></net>

<net id="663"><net_src comp="658" pin="1"/><net_sink comp="435" pin=0"/></net>

<net id="667"><net_src comp="170" pin="1"/><net_sink comp="664" pin=0"/></net>

<net id="668"><net_src comp="664" pin="1"/><net_sink comp="254" pin=19"/></net>

<net id="669"><net_src comp="664" pin="1"/><net_sink comp="432" pin=0"/></net>

<net id="673"><net_src comp="174" pin="1"/><net_sink comp="670" pin=0"/></net>

<net id="674"><net_src comp="670" pin="1"/><net_sink comp="254" pin=18"/></net>

<net id="675"><net_src comp="670" pin="1"/><net_sink comp="429" pin=0"/></net>

<net id="679"><net_src comp="178" pin="1"/><net_sink comp="676" pin=0"/></net>

<net id="680"><net_src comp="676" pin="1"/><net_sink comp="254" pin=17"/></net>

<net id="681"><net_src comp="676" pin="1"/><net_sink comp="426" pin=0"/></net>

<net id="685"><net_src comp="182" pin="1"/><net_sink comp="682" pin=0"/></net>

<net id="686"><net_src comp="682" pin="1"/><net_sink comp="254" pin=16"/></net>

<net id="687"><net_src comp="682" pin="1"/><net_sink comp="423" pin=0"/></net>

<net id="691"><net_src comp="186" pin="1"/><net_sink comp="688" pin=0"/></net>

<net id="692"><net_src comp="688" pin="1"/><net_sink comp="254" pin=15"/></net>

<net id="693"><net_src comp="688" pin="1"/><net_sink comp="420" pin=0"/></net>

<net id="697"><net_src comp="190" pin="1"/><net_sink comp="694" pin=0"/></net>

<net id="698"><net_src comp="694" pin="1"/><net_sink comp="254" pin=14"/></net>

<net id="699"><net_src comp="694" pin="1"/><net_sink comp="417" pin=0"/></net>

<net id="703"><net_src comp="194" pin="1"/><net_sink comp="700" pin=0"/></net>

<net id="704"><net_src comp="700" pin="1"/><net_sink comp="254" pin=13"/></net>

<net id="705"><net_src comp="700" pin="1"/><net_sink comp="414" pin=0"/></net>

<net id="709"><net_src comp="198" pin="1"/><net_sink comp="706" pin=0"/></net>

<net id="710"><net_src comp="706" pin="1"/><net_sink comp="254" pin=12"/></net>

<net id="711"><net_src comp="706" pin="1"/><net_sink comp="411" pin=0"/></net>

<net id="715"><net_src comp="202" pin="1"/><net_sink comp="712" pin=0"/></net>

<net id="716"><net_src comp="712" pin="1"/><net_sink comp="254" pin=11"/></net>

<net id="717"><net_src comp="712" pin="1"/><net_sink comp="408" pin=0"/></net>

<net id="721"><net_src comp="206" pin="1"/><net_sink comp="718" pin=0"/></net>

<net id="722"><net_src comp="718" pin="1"/><net_sink comp="254" pin=10"/></net>

<net id="723"><net_src comp="718" pin="1"/><net_sink comp="405" pin=0"/></net>

<net id="727"><net_src comp="210" pin="1"/><net_sink comp="724" pin=0"/></net>

<net id="728"><net_src comp="724" pin="1"/><net_sink comp="254" pin=9"/></net>

<net id="729"><net_src comp="724" pin="1"/><net_sink comp="402" pin=0"/></net>

<net id="733"><net_src comp="214" pin="1"/><net_sink comp="730" pin=0"/></net>

<net id="734"><net_src comp="730" pin="1"/><net_sink comp="254" pin=8"/></net>

<net id="735"><net_src comp="730" pin="1"/><net_sink comp="399" pin=0"/></net>

<net id="739"><net_src comp="218" pin="1"/><net_sink comp="736" pin=0"/></net>

<net id="740"><net_src comp="736" pin="1"/><net_sink comp="254" pin=7"/></net>

<net id="741"><net_src comp="736" pin="1"/><net_sink comp="396" pin=0"/></net>

<net id="745"><net_src comp="222" pin="1"/><net_sink comp="742" pin=0"/></net>

<net id="746"><net_src comp="742" pin="1"/><net_sink comp="254" pin=6"/></net>

<net id="747"><net_src comp="742" pin="1"/><net_sink comp="393" pin=0"/></net>

<net id="751"><net_src comp="226" pin="1"/><net_sink comp="748" pin=0"/></net>

<net id="752"><net_src comp="748" pin="1"/><net_sink comp="254" pin=5"/></net>

<net id="753"><net_src comp="748" pin="1"/><net_sink comp="390" pin=0"/></net>

<net id="757"><net_src comp="298" pin="3"/><net_sink comp="754" pin=0"/></net>

<net id="758"><net_src comp="754" pin="1"/><net_sink comp="349" pin=0"/></net>

<net id="762"><net_src comp="312" pin="4"/><net_sink comp="759" pin=0"/></net>

<net id="763"><net_src comp="759" pin="1"/><net_sink comp="337" pin=0"/></net>

<net id="767"><net_src comp="322" pin="4"/><net_sink comp="764" pin=0"/></net>

<net id="768"><net_src comp="764" pin="1"/><net_sink comp="346" pin=0"/></net>

<net id="772"><net_src comp="349" pin="3"/><net_sink comp="769" pin=0"/></net>

<net id="773"><net_src comp="769" pin="1"/><net_sink comp="369" pin=1"/></net>

<net id="777"><net_src comp="356" pin="2"/><net_sink comp="774" pin=0"/></net>

<net id="778"><net_src comp="774" pin="1"/><net_sink comp="380" pin=1"/></net>

<net id="785"><net_src comp="380" pin="2"/><net_sink comp="782" pin=0"/></net>

<net id="786"><net_src comp="782" pin="1"/><net_sink comp="236" pin=8"/></net>

<net id="790"><net_src comp="486" pin="33"/><net_sink comp="787" pin=0"/></net>

<net id="791"><net_src comp="787" pin="1"/><net_sink comp="236" pin=5"/></net>

</net_list>

</model> 
---------------- Datapath Model END ------------------

* FSMD analyzer results:
  - Output states:
	Port: out_stream_V_data_V | {6 }
	Port: out_stream_V_keep_V | {6 }
	Port: out_stream_V_strb_V | {6 }
	Port: out_stream_V_last_V | {6 }
 - Input state : 
	Port: pack_int4_transpose : in_stream_V_data_V | {3 4 }
	Port: pack_int4_transpose : in_stream_V_keep_V | {3 4 }
	Port: pack_int4_transpose : in_stream_V_strb_V | {3 4 }
	Port: pack_int4_transpose : in_stream_V_last_V | {3 4 }
	Port: pack_int4_transpose : num_elements | {1 }
  - Chain level:
	State 1
		tmp_1 : 1
		store_ln23 : 1
	State 2
		sub_ln21_1 : 1
		num_blocks : 2
		sub : 3
	State 3
		zext_ln23 : 1
		icmp_ln23 : 2
		i_2 : 1
		br_ln23 : 3
		p_out_last : 2
		store_ln23 : 2
	State 4
	State 5
		out_val : 1
		write_ln72 : 2
	State 6


============================================================
+ Verbose Summary: Datapath Resource usage 
============================================================

* Functional unit list:
|----------|---------------------------------------------------|---------|---------|
| Operation|                  Functional Unit                  |    FF   |   LUT   |
|----------|---------------------------------------------------|---------|---------|
|   call   | grp_pack_int4_transpose_Pipeline_read_loop_fu_254 |   187   |   319   |
|----------|---------------------------------------------------|---------|---------|
|    sub   |                  sub_ln21_fu_306                  |    0    |    39   |
|          |                 sub_ln21_1_fu_340                 |    0    |    34   |
|----------|---------------------------------------------------|---------|---------|
|   icmp   |                  icmp_ln23_fu_369                 |    0    |    35   |
|          |                 p_out_last_fu_380                 |    0    |    35   |
|----------|---------------------------------------------------|---------|---------|
|    add   |                     sub_fu_356                    |    0    |    35   |
|          |                     i_2_fu_374                    |    0    |    34   |
|----------|---------------------------------------------------|---------|---------|
|  select  |                 num_blocks_fu_349                 |    0    |    28   |
|----------|---------------------------------------------------|---------|---------|
|   read   |           num_elements_read_read_fu_230           |    0    |    0    |
|----------|---------------------------------------------------|---------|---------|
|   write  |                  grp_write_fu_236                 |    0    |    0    |
|----------|---------------------------------------------------|---------|---------|
| bitselect|                     tmp_fu_298                    |    0    |    0    |
|----------|---------------------------------------------------|---------|---------|
|partselect|                    tmp_1_fu_312                   |    0    |    0    |
|          |                    tmp_2_fu_322                   |    0    |    0    |
|----------|---------------------------------------------------|---------|---------|
|          |                  zext_ln21_fu_337                 |    0    |    0    |
|   zext   |                 zext_ln21_1_fu_346                |    0    |    0    |
|          |                  zext_ln23_fu_365                 |    0    |    0    |
|----------|---------------------------------------------------|---------|---------|
|bitconcatenate|                   out_val_fu_486                  |    0    |    0    |
|----------|---------------------------------------------------|---------|---------|
|   Total  |                                                   |   187   |   559   |
|----------|---------------------------------------------------|---------|---------|

Memories:
N/A

* Register list:
+---------------------+--------+
|                     |   FF   |
+---------------------+--------+
|buffer_10_loc_reg_622|    4   |
|buffer_11_loc_reg_628|    4   |
|buffer_12_loc_reg_634|    4   |
|buffer_13_loc_reg_640|    4   |
|buffer_14_loc_reg_646|    4   |
|buffer_15_loc_reg_652|    4   |
|buffer_16_loc_reg_658|    4   |
|buffer_17_loc_reg_664|    4   |
|buffer_18_loc_reg_670|    4   |
|buffer_19_loc_reg_676|    4   |
| buffer_1_loc_reg_568|    4   |
|buffer_20_loc_reg_682|    4   |
|buffer_21_loc_reg_688|    4   |
|buffer_22_loc_reg_694|    4   |
|buffer_23_loc_reg_700|    4   |
|buffer_24_loc_reg_706|    4   |
|buffer_25_loc_reg_712|    4   |
|buffer_26_loc_reg_718|    4   |
|buffer_27_loc_reg_724|    4   |
|buffer_28_loc_reg_730|    4   |
|buffer_29_loc_reg_736|    4   |
| buffer_2_loc_reg_574|    4   |
|buffer_30_loc_reg_742|    4   |
|buffer_31_loc_reg_748|    4   |
| buffer_3_loc_reg_580|    4   |
| buffer_4_loc_reg_586|    4   |
| buffer_5_loc_reg_592|    4   |
| buffer_6_loc_reg_598|    4   |
| buffer_7_loc_reg_604|    4   |
| buffer_8_loc_reg_610|    4   |
| buffer_9_loc_reg_616|    4   |
|  buffer_loc_reg_562 |    4   |
|      i_reg_555      |   27   |
|  num_blocks_reg_769 |   28   |
|   out_val_reg_787   |   128  |
|  p_out_last_reg_782 |    1   |
|     sub_reg_774     |   28   |
|    tmp_1_reg_759    |   27   |
|    tmp_2_reg_764    |   27   |
|     tmp_reg_754     |    1   |
+---------------------+--------+
|        Total        |   395  |
+---------------------+--------+

* Multiplexer (MUX) list: 
|------------------|------|------|------|--------||---------||---------||---------|
|       Comp       |  Pin | Size |  BW  | S x BW ||  Delay  ||    FF   ||   LUT   |
|------------------|------|------|------|--------||---------||---------||---------|
| grp_write_fu_236 |  p5  |   2  |  128 |   256  ||    0    ||    9    |
|------------------|------|------|------|--------||---------||---------||---------|
|       Total      |      |      |      |   256  ||  0.387  ||    0    ||    9    |
|------------------|------|------|------|--------||---------||---------||---------|



* Summary:
+-----------+--------+--------+--------+
|           |  Delay |   FF   |   LUT  |
+-----------+--------+--------+--------+
|  Function |    -   |   187  |   559  |
|   Memory  |    -   |    -   |    -   |
|Multiplexer|    0   |    0   |    9   |
|  Register |    -   |   395  |    -   |
+-----------+--------+--------+--------+
|   Total   |    0   |   582  |   568  |
+-----------+--------+--------+--------+
